{"type":"FeatureCollection","features":[{"type":"Feature","properties":{"district":"Ariyalur"},"geometry":{"type":"Polygon","coordinates":[[[79.4587,11.1506],[79.4558,11.1559],[79.4639,11.1705],[79.4818,11.1776],[79.5018,11.2033],[79.5102,11.2281],[79.4952,11.2484],[79.4949,11.2585],[79.504,11.2578],[79.5052,11.2646],[79.4951,11.3036],[79.4983,11.3139],[79.4736,11.3141],[79.4487,11.3352],[79.4375,11.3338],[79.4308,11.3455],[79.4373,11.3573],[79.4284,11.3574],[79.4258,11.3667],[79.4247,11.3604],[79.4085,11.3649],[79.4054,11.3541],[79.3952,11.3535],[79.3891,11.3688],[79.3941,11.4017],[79.3851,11.4092],[79.3798,11.4105],[79.3777,11.4029],[79.3854,11.4019],[79.384,11.3971],[79.3772,11.3974],[79.3732,11.4008],[79.3777,11.4113],[79.3684,11.4176],[79.3127,11.4185],[79.2926,11.4123],[79.296,11.38],[79.2736,11.3803],[79.2729,11.3858],[79.2586,11.3885],[79.2416,11.3696],[79.2378,11.3886],[79.226,11.392],[79.1806,11.3744],[79.1681,11.3784],[79.1529,11.3665],[79.1575,11.3384],[79.1308,11.3324],[79.125,11.3108],[79.1409,11.3093],[79.1393,11.29],[79.1301,11.2976],[79.111,11.289],[79.109,11.2702],[79.122,11.2641],[79.1222,11.2487],[79.1094,11.2444],[79.1112,11.2306],[79.0989,11.2307],[79.0934,11.1998],[79.0731,11.2081],[79.0659,11.2044],[79.0672,11.1889],[79.0758,11.1893],[79.0784,11.1808],[79.0694,11.1771],[79.0725,11.1592],[79.0595,11.1523],[79.0551,11.1299],[79.0654,11.1269],[79.0694,11.1089],[79.0544,11.085],[79.0323,11.0839],[79.0244,11.0677],[79.0064,11.0589],[79.0123,11.0101],[78.9919,11.0014],[78.9896,10.9785],[78.9823,10.9755],[78.9874,10.9668],[78.9462,10.975],[78.9503,10.9555],[78.9778,10.9432],[78.9827,10.9217],[78.9903,10.9284],[79.0019,10.9222],[79.0057,10.8936],[79.048,10.8878],[79.0632,10.8981],[79.0716,10.917],[79.0842,10.9267],[79.1099,10.925],[79.1436,10.9407],[79.1786,10.9397],[79.2029,10.949],[79.2083,10.9403],[79.2222,10.9465],[79.2689,10.9864],[79.291,11.0144],[79.3118,11.0176],[79.358,11.0492],[79.3989,11.0669],[79.4227,11.0975],[79.4311,11.1215],[79.4572,11.149],[79.4587,11.1506]]]}},{"type":"Feature","properties":{"district":"Chengalpattu"},"geometry":{"type":"Polygon","coordinates":[[[80.1446,13.0243],[80.1399,13.0457],[80.1294,13.0451],[80.1287,13.035],[80.1231,13.0332],[80.1087,13.0418],[80.0995,13.0349],[80.0821,13.0412],[80.0803,13.0162],[80.0577,13.0075],[80.0642,12.9875],[80.0624,12.982],[80.0529,12.9828],[80.0476,12.9647],[80.065,12.9583],[80.0805,12.973],[80.0845,12.9616],[80.1042,12.9534],[80.0998,12.9457],[80.0912,12.9468],[80.084,12.9261],[80.0703,12.9175],[80.0602,12.9001],[80.0519,12.882],[80.0613,12.8637],[80.0506,12.839],[80.0402,12.8397],[80.0304,12.8226],[80.0121,12.817],[80.0094,12.8094],[79.9678,12.814],[79.9568,12.8253],[79.9583,12.8108],[79.9637,12.8094],[79.956,12.7908],[79.9403,12.7906],[79.9393,12.7834],[79.9267,12.7984],[79.9103,12.7999],[79.9013,12.7845],[79.8769,12.78],[79.891,12.7733],[79.8825,12.767],[79.9266,12.7458],[79.9517,12.7108],[79.9528,12.6994],[79.9311,12.7024],[79.9322,12.6953],[79.9171,12.6962],[79.9285,12.6372],[79.9245,12.6326],[79.897,12.6416],[79.888,12.6304],[79.8631,12.6266],[79.8478,12.6315],[79.8407,12.6239],[79.8235,12.6207],[79.8053,12.6291],[79.8153,12.6061],[79.8113,12.5955],[79.8206,12.5789],[79.8193,12.5655],[79.7959,12.5682],[79.7928,12.5606],[79.7801,12.5605],[79.7769,12.5519],[79.7637,12.5502],[79.7537,12.5617],[79.755,12.5431],[79.7439,12.5319],[79.7538,12.5241],[79.7558,12.5119],[79.7498,12.5029],[79.7207,12.5005],[79.722,12.494],[79.7473,12.4841],[79.7441,12.4725],[79.7495,12.4567],[79.7334,12.4541],[79.7363,12.4284],[79.7178,12.4392],[79.7167,12.4316],[79.7059,12.4314],[79.7073,12.4151],[79.6915,12.4209],[79.6978,12.4022],[79.6695,12.3938],[79.6601,12.379],[79.6676,12.377],[79.6637,12.3681],[79.6471,12.3589],[79.6404,12.3447],[79.6606,12.3231],[79.6797,12.3158],[79.7062,12.3346],[79.7503,12.3248],[79.7788,12.339],[79.7992,12.3374],[79.8199,12.3118],[79.8274,12.3129],[79.8412,12.2798],[79.8624,12.2619],[79.8676,12.2489],[79.9009,12.2294],[79.9143,12.2355],[79.9245,12.2316],[79.9214,12.2501],[79.9442,12.2423],[79.9553,12.2288],[79.9697,12.2368],[79.9731,12.2334],[79.9925,12.2537],[80.0086,12.2548],[80.0342,12.3018],[80.1558,12.4649],[80.1663,12.5297],[80.2552,12.7827],[80.2482,12.809],[80.2491,12.8567],[80.22,12.8525],[80.2129,12.8609],[80.2089,12.8728],[80.2174,12.9106],[80.1988,12.9111],[80.1992,12.9334],[80.1879,12.9379],[80.1988,12.9462],[80.201,12.9585],[80.1959,12.9685],[80.186,12.9682],[80.18,12.9791],[80.169,12.9802],[80.1607,12.998],[80.1652,13.0042],[80.1582,13.0154],[80.1448,13.017],[80.144,13.0236],[80.1446,13.0243]]]}},{"type":"Feature","properties":{"district":"Chennai"},"geometry":{"type":"Polygon","coordinates":[[[80.3319,13.2354],[80.3177,13.2296],[80.3033,13.2128],[80.2847,13.2199],[80.2828,13.2299],[80.2753,13.2293],[80.2704,13.2033],[80.25,13.2061],[80.2489,13.1986],[80.2359,13.2039],[80.2345,13.1963],[80.2228,13.1998],[80.224,13.1843],[80.2159,13.1723],[80.1996,13.1812],[80.1908,13.1687],[80.1946,13.154],[80.176,13.1473],[80.1771,13.1396],[80.1458,13.1394],[80.1404,13.0986],[80.1461,13.0882],[80.1614,13.0811],[80.1603,13.0449],[80.1457,13.0399],[80.1534,13.0495],[80.1493,13.0534],[80.1541,13.0629],[80.1485,13.0644],[80.1463,13.054],[80.1344,13.0447],[80.1456,13.0375],[80.1446,13.0243],[80.1886,13.023],[80.2005,13.0283],[80.1987,13.0161],[80.2108,13.0089],[80.2042,12.983],[80.2163,12.9674],[80.2212,12.9651],[80.2434,12.9839],[80.2678,12.9751],[80.2869,13.0646],[80.3108,13.1082],[80.3008,13.0912],[80.2949,13.093],[80.3017,13.0987],[80.3015,13.1121],[80.3034,13.1061],[80.305,13.1101],[80.3004,13.1214],[80.3055,13.1304],[80.2978,13.123],[80.2978,13.1327],[80.3043,13.1306],[80.2979,13.1353],[80.3319,13.2347],[80.3319,13.2354]]]}},{"type":"Feature","properties":{"district":"Coimbatore"},"geometry":{"type":"Polygon","coordinates":[[[77.1471,11.3362],[77.1293,11.3542],[77.1331,11.3632],[77.1284,11.3784],[77.1131,11.3809],[77.1107,11.4061],[77.0915,11.4033],[77.0913,11.3936],[77.0705,11.3861],[77.0704,11.4025],[77.0454,11.4025],[77.0325,11.3848],[77.0234,11.3877],[77.0257,11.3741],[77.0204,11.3702],[76.9661,11.3861],[76.9481,11.3764],[76.9334,11.3764],[76.9291,11.368],[76.9501,11.3658],[76.9376,11.3635],[76.9326,11.3561],[76.9329,11.3627],[76.9027,11.3508],[76.9031,11.3619],[76.8929,11.3661],[76.8842,11.3517],[76.8786,11.3584],[76.8736,11.3519],[76.8638,11.353],[76.8695,11.3456],[76.8564,11.346],[76.8483,11.3392],[76.8549,11.333],[76.8511,11.3272],[76.8603,11.3246],[76.8546,11.3181],[76.86,11.3099],[76.86,11.3036],[76.854,11.3058],[76.8544,11.2961],[76.8427,11.2874],[76.83,11.2933],[76.8178,11.2899],[76.807,11.2992],[76.7979,11.2955],[76.7895,11.279],[76.7691,11.2896],[76.7678,11.2644],[76.7519,11.2547],[76.7535,11.2481],[76.7438,11.2533],[76.7371,11.2446],[76.7298,11.2454],[76.704,11.2623],[76.7009,11.2457],[76.7317,11.215],[76.7222,11.2036],[76.729,11.191],[76.7103,11.1878],[76.7066,11.1794],[76.7002,11.1818],[76.6896,11.1596],[76.7052,11.1422],[76.7185,11.1476],[76.7288,11.1305],[76.735,11.1364],[76.7393,11.132],[76.7483,11.1358],[76.7474,11.1112],[76.739,11.1043],[76.7545,11.0842],[76.7542,11.0778],[76.741,11.0723],[76.7461,11.0548],[76.7782,11.0421],[76.8009,11.054],[76.7918,11.0374],[76.7666,11.0291],[76.7376,11.0397],[76.7109,11.0387],[76.6942,11.0216],[76.686,10.9892],[76.6668,10.9683],[76.6647,10.9435],[76.6558,10.939],[76.6768,10.9181],[76.7149,10.9086],[76.7408,10.891],[76.7524,10.8951],[76.7679,10.887],[76.7814,10.8904],[76.7918,10.8811],[76.8283,10.8719],[76.8319,10.8601],[76.8538,10.839],[76.8451,10.8261],[76.8499,10.8172],[76.864,10.8173],[76.8701,10.8083],[76.9009,10.8072],[76.9075,10.778],[76.8885,10.7331],[76.8929,10.7215],[76.8822,10.7173],[76.866,10.6853],[76.8696,10.6768],[76.8784,10.675],[76.8825,10.6397],[76.8607,10.6323],[76.8142,10.6359],[76.8101,10.6242],[76.8173,10.6032],[76.826,10.5961],[76.8383,10.5967],[76.8352,10.5454],[76.8431,10.5373],[76.831,10.5],[76.8283,10.4502],[76.8164,10.4235],[76.8246,10.4101],[76.8336,10.4078],[76.8237,10.3951],[76.8488,10.3682],[76.8363,10.346],[76.8302,10.3039],[76.8407,10.2997],[76.8487,10.2853],[76.8731,10.2985],[76.8734,10.2763],[76.8974,10.2624],[76.9055,10.2479],[76.903,10.2403],[76.9183,10.2328],[76.9394,10.2389],[76.9685,10.2308],[76.9824,10.2201],[77.0144,10.2458],[77.0406,10.2527],[77.0511,10.2621],[77.0527,10.2725],[77.0429,10.2838],[77.0565,10.287],[77.0914,10.3139],[77.0884,10.3246],[77.0812,10.322],[77.0842,10.3295],[77.0782,10.3374],[77.09,10.3509],[77.0871,10.3774],[77.0448,10.4148],[77.0418,10.4264],[77.0732,10.4595],[77.0585,10.4791],[77.0783,10.5022],[77.0727,10.5451],[77.0829,10.5626],[77.0809,10.5719],[77.0906,10.5841],[77.1663,10.5872],[77.1815,10.6425],[77.1523,10.6506],[77.1451,10.6599],[77.1424,10.7185],[77.1341,10.7501],[77.1453,10.7654],[77.1528,10.7657],[77.1612,10.7932],[77.1718,10.8022],[77.1766,10.7973],[77.2153,10.8035],[77.2103,10.7909],[77.2144,10.7856],[77.2301,10.7774],[77.2541,10.7764],[77.2839,10.7866],[77.2759,10.7914],[77.2782,10.8027],[77.299,10.8146],[77.2884,10.8481],[77.2578,10.8698],[77.2481,10.9047],[77.211,10.9023],[77.1989,10.9202],[77.1818,10.9206],[77.1699,10.9687],[77.1538,10.9983],[77.165,11.0022],[77.1753,11.0158],[77.1789,11.0368],[77.1661,11.0602],[77.1684,11.0673],[77.2341,11.1034],[77.2646,11.1106],[77.2422,11.138],[77.2357,11.1398],[77.2316,11.1267],[77.2251,11.125],[77.2135,11.1267],[77.2123,11.1379],[77.1896,11.1505],[77.1839,11.1395],[77.1732,11.1382],[77.1823,11.1619],[77.161,11.168],[77.1589,11.1974],[77.145,11.2072],[77.1465,11.2187],[77.1592,11.2315],[77.1595,11.2433],[77.1659,11.2443],[77.1701,11.2833],[77.1534,11.2782],[77.1438,11.2873],[77.1392,11.2797],[77.1387,11.2861],[77.1272,11.2853],[77.1171,11.2946],[77.1263,11.308],[77.1506,11.3063],[77.1519,11.3297],[77.147,11.3333],[77.1471,11.3362]]]}},{"type":"Feature","properties":{"district":"Cuddalore"},"geometry":{"type":"MultiPolygon","coordinates":[[[[79.8129,11.4227],[79.7977,11.4637],[79.7771,11.4886],[79.7786,11.5064],[79.7707,11.5137],[79.7781,11.5027],[79.7727,11.5011],[79.7679,11.5107],[79.7741,11.5062],[79.757,11.557],[79.7607,11.6244],[79.7959,11.7857],[79.7719,11.7822],[79.7659,11.7918],[79.7551,11.7752],[79.7124,11.7915],[79.7228,11.7965],[79.7245,11.8104],[79.7357,11.8093],[79.7294,11.837],[79.7382,11.8369],[79.7367,11.8442],[79.7644,11.8337],[79.7701,11.8226],[79.7784,11.8317],[79.7975,11.8246],[79.8007,11.8306],[79.7938,11.8336],[79.7983,11.8387],[79.8071,11.8335],[79.8082,11.8453],[79.8007,11.8553],[79.7823,11.8559],[79.7759,11.8384],[79.7682,11.8388],[79.7622,11.8484],[79.7709,11.8613],[79.7701,11.8746],[79.764,11.877],[79.7574,11.8761],[79.7519,11.8483],[79.7431,11.8483],[79.7394,11.8647],[79.7211,11.8625],[79.7189,11.8533],[79.7083,11.8691],[79.7098,11.8893],[79.6847,11.8859],[79.7031,11.8319],[79.6853,11.832],[79.6906,11.807],[79.6814,11.7962],[79.6682,11.8106],[79.6474,11.7994],[79.6368,11.8005],[79.6168,11.8247],[79.5908,11.8415],[79.565,11.8399],[79.5292,11.8571],[79.4551,11.8715],[79.4515,11.8491],[79.4722,11.8469],[79.4716,11.8354],[79.4805,11.8372],[79.477,11.823],[79.4827,11.8119],[79.4683,11.7992],[79.4664,11.8073],[79.4435,11.81],[79.4306,11.7785],[79.4388,11.7666],[79.4638,11.7672],[79.4628,11.7432],[79.4285,11.7312],[79.4359,11.7239],[79.4345,11.7033],[79.4443,11.666],[79.4178,11.6679],[79.3955,11.6803],[79.3769,11.6791],[79.3616,11.6727],[79.3598,11.6599],[79.3323,11.661],[79.3264,11.6478],[79.3116,11.6439],[79.3087,11.6327],[79.2963,11.6364],[79.2915,11.6473],[79.2709,11.6437],[79.2487,11.6524],[79.2356,11.6293],[79.2189,11.6389],[79.21,11.6337],[79.2124,11.6201],[79.1837,11.586],[79.1565,11.5982],[79.1477,11.5895],[79.1358,11.589],[79.1165,11.5992],[79.1129,11.6133],[79.0982,11.6142],[79.0986,11.6212],[79.0841,11.6343],[79.0675,11.6302],[79.0656,11.6113],[79.077,11.608],[79.0779,11.5969],[79.0682,11.5988],[79.0492,11.5857],[79.0432,11.5872],[79.0498,11.5956],[79.0184,11.6067],[79.0121,11.6027],[79.0189,11.5929],[79.0044,11.5746],[78.981,11.567],[78.9743,11.5746],[78.9238,11.5671],[78.9175,11.5316],[78.9049,11.5053],[78.8776,11.5075],[78.9621,11.4055],[78.997,11.4076],[79.0107,11.3974],[79.0324,11.3936],[79.053,11.4028],[79.0831,11.3968],[79.1059,11.4017],[79.1766,11.374],[79.2302,11.392],[79.2378,11.3886],[79.2416,11.3696],[79.2586,11.3885],[79.2729,11.3858],[79.2736,11.3803],[79.296,11.38],[79.2926,11.4123],[79.3127,11.4185],[79.3684,11.4176],[79.3777,11.4113],[79.3732,11.4008],[79.3772,11.3974],[79.384,11.3971],[79.3854,11.4019],[79.3777,11.4029],[79.3798,11.4105],[79.3851,11.4092],[79.3941,11.4017],[79.3891,11.3688],[79.3952,11.3535],[79.4054,11.3541],[79.4085,11.3649],[79.4247,11.3604],[79.4258,11.3667],[79.4284,11.3574],[79.4373,11.3573],[79.4308,11.3455],[79.4375,11.3338],[79.4487,11.3352],[79.4736,11.3141],[79.4983,11.3139],[79.4951,11.3036],[79.5052,11.2646],[79.504,11.2578],[79.4949,11.2585],[79.4952,11.2484],[79.5102,11.2281],[79.5018,11.2033],[79.4818,11.1776],[79.4639,11.1705],[79.4558,11.1559],[79.4587,11.1506],[79.4996,11.1755],[79.5267,11.1837],[79.5619,11.2083],[79.5983,11.2182],[79.6086,11.2293],[79.6164,11.2555],[79.6336,11.2463],[79.647,11.2493],[79.6424,11.2836],[79.6503,11.2993],[79.6838,11.312],[79.7245,11.3458],[79.7593,11.3526],[79.7569,11.3729],[79.7644,11.382],[79.7916,11.3724],[79.8034,11.3811],[79.8122,11.4211],[79.8129,11.4227]],[[79.6994,11.8742],[79.6991,11.8613],[79.6992,11.874],[79.6994,11.8742]],[[79.6971,11.8231],[79.7042,11.8135],[79.693,11.8137],[79.6962,11.823],[79.6971,11.8231]]],[[[79.7819,11.9023],[79.7693,11.9017],[79.7728,11.8752],[79.7797,11.8779],[79.7783,11.8632],[79.7852,11.8628],[79.7968,11.8943],[79.7965,11.8999],[79.7826,11.9013],[79.7819,11.9023]]]]}},{"type":"Feature","properties":{"district":"Dharmapuri"},"geometry":{"type":"Polygon","coordinates":[[[78.6329,12.1766],[78.6211,12.1842],[78.6123,12.1825],[78.5825,12.1623],[78.5715,12.1935],[78.5546,12.1805],[78.5165,12.1772],[78.5064,12.1429],[78.4973,12.1392],[78.4653,12.1467],[78.4719,12.1728],[78.4475,12.1853],[78.4464,12.1911],[78.4212,12.1897],[78.4086,12.1965],[78.3909,12.1861],[78.3744,12.1953],[78.3791,12.2055],[78.3919,12.2045],[78.4017,12.2133],[78.4031,12.2239],[78.3549,12.2261],[78.3588,12.2352],[78.3526,12.2473],[78.3343,12.2635],[78.3169,12.2601],[78.3022,12.274],[78.2824,12.2683],[78.2771,12.2602],[78.2675,12.2634],[78.2582,12.2945],[78.232,12.3022],[78.2356,12.3071],[78.2294,12.3174],[78.2473,12.3328],[78.2397,12.3341],[78.2362,12.3479],[78.2271,12.3489],[78.2052,12.3291],[78.2008,12.3358],[78.1736,12.3372],[78.1636,12.3509],[78.1667,12.3629],[78.1428,12.3707],[78.1349,12.3819],[78.1278,12.4023],[78.1425,12.4272],[78.1274,12.4419],[78.1146,12.4453],[78.1181,12.4547],[78.1083,12.4553],[78.0981,12.4454],[78.0801,12.4489],[78.0778,12.4636],[78.0597,12.4647],[78.0491,12.4756],[78.0416,12.4735],[78.0382,12.4615],[78.0271,12.4597],[78.0127,12.4845],[78.0118,12.5028],[77.9938,12.5004],[77.9858,12.5098],[77.9818,12.4991],[77.9683,12.4953],[77.9589,12.4839],[77.946,12.4993],[77.9535,12.5022],[77.9424,12.5137],[77.9215,12.5042],[77.9089,12.5127],[77.9001,12.499],[77.9058,12.4894],[77.9222,12.4907],[77.9345,12.4694],[77.9248,12.4605],[77.9282,12.4452],[77.9315,12.4411],[77.9451,12.4494],[77.9709,12.4127],[77.9678,12.3943],[77.9495,12.3751],[77.9546,12.3513],[77.9485,12.3366],[77.9267,12.3251],[77.8792,12.3359],[77.8672,12.3302],[77.875,12.3032],[77.8677,12.2658],[77.8617,12.2545],[77.8453,12.2622],[77.8145,12.2342],[77.8035,12.1762],[77.7948,12.1688],[77.7943,12.1483],[77.7768,12.1574],[77.7724,12.172],[77.7467,12.1558],[77.7498,12.1385],[77.7738,12.1205],[77.7764,12.1123],[77.7678,12.1066],[77.7545,12.0785],[77.7266,12.0611],[77.6964,12.0158],[77.674,11.9625],[77.6757,11.952],[77.6902,11.9421],[77.7367,11.9406],[77.762,11.91],[77.8074,11.9091],[77.8477,11.8943],[77.8501,11.9049],[77.8671,11.9157],[77.9051,11.9003],[77.9329,11.9013],[77.9485,11.8949],[77.961,11.9009],[77.9703,11.8956],[78.0113,11.9213],[78.0269,11.9205],[78.039,11.9363],[78.0737,11.9376],[78.1006,11.9558],[78.1449,11.9683],[78.2349,11.9793],[78.2533,11.9511],[78.2358,11.918],[78.2559,11.9332],[78.257,11.9402],[78.2728,11.9379],[78.2579,11.9124],[78.275,11.9314],[78.2908,11.9321],[78.269,11.9003],[78.2801,11.8996],[78.2927,11.9068],[78.2916,11.9145],[78.3023,11.9227],[78.3244,11.9301],[78.3315,11.9222],[78.3227,11.9052],[78.3264,11.8996],[78.3091,11.8812],[78.3363,11.9005],[78.34,11.8972],[78.3543,11.9123],[78.3598,11.9096],[78.3531,11.8942],[78.3657,11.8918],[78.3676,11.8806],[78.348,11.8485],[78.3508,11.8339],[78.315,11.7811],[78.3283,11.776],[78.345,11.7935],[78.3512,11.7929],[78.3819,11.8275],[78.4031,11.8735],[78.4144,11.8801],[78.4415,11.8683],[78.4331,11.8622],[78.4351,11.8547],[78.4407,11.8397],[78.4554,11.8264],[78.5468,11.807],[78.5958,11.8228],[78.6099,11.8527],[78.6337,11.8742],[78.6346,11.8883],[78.6551,11.8854],[78.6608,11.8953],[78.6899,11.904],[78.6947,11.8945],[78.7082,11.8979],[78.7239,11.9197],[78.7044,11.94],[78.7083,11.9511],[78.7133,11.9507],[78.7099,11.9666],[78.7171,11.9841],[78.6977,11.9925],[78.7228,12.0885],[78.7452,12.1239],[78.7376,12.1339],[78.691,12.1151],[78.6841,12.1059],[78.6612,12.1025],[78.6644,12.1154],[78.6572,12.125],[78.6309,12.1286],[78.6479,12.1622],[78.6329,12.1766],[78.6329,12.1766]]]}},{"type":"Feature","properties":{"district":"Dindigul"},"geometry":{"type":"Polygon","coordinates":[[[78.2,10.5467],[78.1888,10.5591],[78.17,10.5542],[78.161,10.5625],[78.1392,10.5626],[78.1327,10.5751],[78.1362,10.5968],[78.1654,10.6137],[78.1631,10.6489],[78.1455,10.6496],[78.1451,10.6767],[78.1547,10.7201],[78.1516,10.7405],[78.1682,10.7759],[78.1699,10.799],[78.1861,10.8193],[78.1808,10.8212],[78.1866,10.833],[78.1771,10.8227],[78.176,10.8351],[78.1523,10.8264],[78.1491,10.8039],[78.1051,10.805],[78.0964,10.7889],[78.0981,10.7669],[78.0699,10.7757],[78.0569,10.7636],[78.0557,10.7739],[78.0341,10.7745],[78.0278,10.7815],[78.0246,10.7716],[77.9985,10.7745],[77.9949,10.7617],[77.9833,10.7595],[77.9392,10.7684],[77.9313,10.7366],[77.9579,10.7438],[77.9982,10.7428],[77.9987,10.7299],[78.0106,10.7311],[78.0087,10.7221],[78.0152,10.7196],[78.0055,10.6755],[77.9699,10.6725],[77.9778,10.6398],[77.914,10.6482],[77.909,10.657],[77.8959,10.6455],[77.8856,10.6503],[77.8764,10.6454],[77.8723,10.6312],[77.846,10.639],[77.8307,10.6328],[77.813,10.6482],[77.8177,10.6794],[77.7888,10.6852],[77.7557,10.6716],[77.7547,10.6518],[77.7467,10.6407],[77.7307,10.6305],[77.7205,10.6312],[77.7231,10.6408],[77.7141,10.6415],[77.6985,10.6624],[77.7087,10.6863],[77.702,10.7337],[77.6936,10.7352],[77.6647,10.7163],[77.6557,10.6734],[77.6368,10.6687],[77.5962,10.6759],[77.586,10.6835],[77.5801,10.6791],[77.5715,10.6579],[77.5492,10.639],[77.5428,10.6098],[77.5083,10.607],[77.5073,10.6134],[77.5161,10.613],[77.5046,10.6426],[77.4825,10.65],[77.4729,10.6426],[77.4582,10.6424],[77.4451,10.6297],[77.4177,10.6256],[77.4017,10.6134],[77.3945,10.6053],[77.3962,10.5979],[77.385,10.5914],[77.368,10.5467],[77.378,10.5259],[77.4057,10.5221],[77.4017,10.4988],[77.3785,10.4939],[77.3851,10.449],[77.3571,10.4448],[77.3323,10.4546],[77.3229,10.4485],[77.3272,10.4347],[77.32,10.434],[77.3157,10.3557],[77.3366,10.3541],[77.33,10.3411],[77.3349,10.3321],[77.3265,10.3211],[77.3474,10.2901],[77.3513,10.2733],[77.3481,10.2634],[77.3251,10.2701],[77.3105,10.2463],[77.3041,10.2442],[77.2968,10.2527],[77.2881,10.2319],[77.295,10.2179],[77.2831,10.2086],[77.2848,10.2006],[77.2753,10.1844],[77.2748,10.1325],[77.2666,10.1193],[77.283,10.1178],[77.2841,10.1254],[77.3025,10.136],[77.3237,10.1276],[77.3293,10.1427],[77.3415,10.136],[77.3603,10.151],[77.3721,10.1393],[77.3954,10.1628],[77.4087,10.1584],[77.4114,10.145],[77.4276,10.1361],[77.4521,10.1361],[77.4656,10.1288],[77.468,10.1423],[77.4807,10.147],[77.4826,10.1539],[77.4878,10.1477],[77.5,10.161],[77.5118,10.1609],[77.5276,10.1739],[77.5232,10.1761],[77.5368,10.1796],[77.5381,10.1877],[77.5462,10.1828],[77.5445,10.1925],[77.5513,10.1918],[77.5482,10.204],[77.5668,10.1954],[77.5697,10.1813],[77.589,10.1968],[77.5919,10.1913],[77.5983,10.1943],[77.603,10.2],[77.5958,10.2058],[77.6222,10.2187],[77.632,10.2063],[77.6453,10.2045],[77.6644,10.1888],[77.6815,10.2015],[77.6932,10.1969],[77.7065,10.2159],[77.71,10.2063],[77.7013,10.1952],[77.7122,10.17],[77.7293,10.1591],[77.7239,10.1462],[77.7295,10.1314],[77.7079,10.1289],[77.6921,10.1454],[77.6764,10.1446],[77.6755,10.1266],[77.6686,10.1224],[77.7025,10.1027],[77.6969,10.0867],[77.7085,10.0815],[77.7126,10.0479],[77.7063,10.038],[77.7117,10.034],[77.7104,10.0203],[77.7172,10.0181],[77.7554,10.0486],[77.76,10.0466],[77.7636,10.0559],[77.7805,10.0509],[77.8056,10.0676],[77.8229,10.0655],[77.8476,10.0754],[77.8636,10.0742],[77.8748,10.0616],[77.891,10.0781],[77.9015,10.0711],[77.909,10.0758],[77.9196,10.0719],[77.9254,10.091],[77.9465,10.0836],[77.9467,10.0906],[77.9313,10.0903],[77.9336,10.1136],[77.9622,10.1373],[77.9727,10.1312],[77.9841,10.1366],[77.9971,10.1607],[78.0137,10.1634],[78.02,10.1845],[78.0632,10.1833],[78.0708,10.1881],[78.0915,10.182],[78.1036,10.1923],[78.1306,10.1875],[78.1461,10.1794],[78.1612,10.1545],[78.1654,10.1239],[78.1563,10.1073],[78.1747,10.0983],[78.1702,10.0925],[78.204,10.0793],[78.2029,10.0669],[78.2126,10.0753],[78.2604,10.0859],[78.2613,10.1024],[78.2734,10.1148],[78.2705,10.1294],[78.2808,10.1296],[78.2843,10.1486],[78.2814,10.1669],[78.2619,10.159],[78.2697,10.1513],[78.2598,10.1542],[78.2597,10.1614],[78.2722,10.1719],[78.2689,10.1824],[78.2914,10.2039],[78.3038,10.2109],[78.3135,10.2088],[78.309,10.2147],[78.3202,10.2141],[78.3287,10.2284],[78.3217,10.2477],[78.332,10.2549],[78.3277,10.2557],[78.326,10.2851],[78.3399,10.2887],[78.3387,10.2983],[78.3294,10.2978],[78.3378,10.3255],[78.3178,10.3487],[78.2793,10.3726],[78.2772,10.3832],[78.2876,10.3933],[78.2878,10.4021],[78.3068,10.4122],[78.3151,10.4395],[78.2464,10.4679],[78.2176,10.4667],[78.1999,10.4815],[78.2026,10.4865],[78.1917,10.5009],[78.1734,10.5037],[78.1766,10.5174],[78.1849,10.5214],[78.1986,10.5453],[78.2,10.5467]]]}},{"type":"Feature","properties":{"district":"Erode"},"geometry":{"type":"MultiPolygon","coordinates":[[[[77.4272,11.7609],[77.4222,11.7724],[77.3945,11.7876],[77.3648,11.7904],[77.3604,11.7795],[77.3351,11.7712],[77.2939,11.809],[77.288,11.8004],[77.2499,11.813],[77.2496,11.8042],[77.2386,11.7947],[77.1892,11.7925],[77.182,11.7863],[77.1471,11.7819],[77.1381,11.7726],[77.1107,11.7735],[77.1085,11.7526],[77.1177,11.7211],[77.105,11.7328],[77.0802,11.736],[77.0828,11.7398],[77.0564,11.7698],[77.0698,11.7821],[77.0629,11.7904],[77.0465,11.7876],[77.0351,11.7698],[77.0289,11.7747],[77.0387,11.7938],[77.0299,11.8047],[77.0169,11.8107],[77.014,11.8062],[77.0129,11.8146],[76.9821,11.8115],[76.9836,11.8017],[76.9699,11.7769],[76.9539,11.7921],[76.9424,11.788],[76.908,11.7952],[76.8966,11.7765],[76.8883,11.7336],[76.8626,11.711],[76.835,11.6554],[76.8346,11.6395],[76.8451,11.6341],[76.8428,11.6271],[76.8521,11.6217],[76.8505,11.616],[76.8581,11.614],[76.8467,11.5821],[76.8422,11.5854],[76.8306,11.5716],[76.8395,11.5695],[76.8631,11.5441],[76.8663,11.5196],[76.8955,11.5274],[76.9144,11.5242],[76.9274,11.5333],[76.9264,11.5251],[76.938,11.5271],[76.9432,11.5224],[76.9397,11.519],[76.9451,11.5193],[76.9338,11.5067],[76.939,11.498],[76.9353,11.4822],[76.9559,11.4791],[76.9718,11.4677],[76.9911,11.4812],[76.9993,11.4752],[77.0122,11.452],[77.0114,11.441],[77.0073,11.4344],[76.9829,11.4404],[76.9761,11.4139],[76.981,11.4013],[76.9575,11.3811],[76.9716,11.3862],[77.0136,11.3688],[77.0254,11.3733],[77.0234,11.3877],[77.0325,11.3848],[77.0454,11.4025],[77.0704,11.4025],[77.0705,11.3861],[77.0913,11.3936],[77.0915,11.4033],[77.1103,11.4064],[77.1131,11.3809],[77.1304,11.3753],[77.1293,11.3542],[77.1381,11.34],[77.1586,11.3327],[77.1677,11.3172],[77.1825,11.3138],[77.1745,11.3325],[77.1787,11.3421],[77.1966,11.3387],[77.2108,11.3496],[77.2341,11.352],[77.2215,11.3402],[77.2345,11.3311],[77.2365,11.3141],[77.2265,11.3176],[77.2181,11.3059],[77.2043,11.3099],[77.2034,11.3],[77.2415,11.3051],[77.2383,11.3224],[77.249,11.3296],[77.2539,11.3108],[77.2817,11.3344],[77.2877,11.3332],[77.2889,11.3437],[77.293,11.33],[77.2863,11.2924],[77.3144,11.282],[77.2956,11.2728],[77.3313,11.2568],[77.3364,11.2571],[77.3487,11.2859],[77.3453,11.3],[77.3333,11.3069],[77.3338,11.3151],[77.3661,11.3171],[77.3632,11.3415],[77.3786,11.3394],[77.3868,11.3221],[77.4175,11.3103],[77.4257,11.3197],[77.444,11.3057],[77.4482,11.3115],[77.4545,11.3068],[77.4524,11.3133],[77.4691,11.2701],[77.4653,11.2523],[77.5002,11.2268],[77.4945,11.2225],[77.502,11.2193],[77.499,11.2056],[77.5107,11.1985],[77.5169,11.2056],[77.5123,11.183],[77.4879,11.179],[77.4763,11.1849],[77.4697,11.1648],[77.4715,11.16],[77.4851,11.1608],[77.4832,11.14],[77.4989,11.1466],[77.5033,11.1069],[77.5562,11.1082],[77.5842,11.1214],[77.5987,11.1116],[77.6136,11.1255],[77.6324,11.1255],[77.6545,11.1162],[77.6614,11.1038],[77.707,11.0915],[77.7134,11.0782],[77.7301,11.0767],[77.7382,11.0854],[77.7752,11.0583],[77.8178,11.0703],[77.8281,11.0632],[77.8305,11.0478],[77.8516,11.0461],[77.855,11.0309],[77.8811,11.0243],[77.9007,11.0346],[77.9073,11.046],[77.9198,11.0469],[77.9331,11.0702],[77.8953,11.0767],[77.8877,11.0874],[77.8817,11.1254],[77.8843,11.1559],[77.8615,11.1857],[77.8708,11.2148],[77.8654,11.2413],[77.8408,11.2606],[77.8077,11.2676],[77.7724,11.3221],[77.7576,11.3343],[77.7508,11.3542],[77.7389,11.3679],[77.7175,11.3783],[77.6837,11.4195],[77.6991,11.477],[77.7324,11.5117],[77.7241,11.5367],[77.7462,11.5706],[77.7359,11.6013],[77.7613,11.6482],[77.7765,11.6957],[77.7706,11.6971],[77.7456,11.6546],[77.7342,11.6579],[77.715,11.6493],[77.7163,11.6422],[77.7055,11.6344],[77.6955,11.6396],[77.6896,11.6637],[77.6982,11.6935],[77.6899,11.6948],[77.6951,11.7068],[77.691,11.7185],[77.7222,11.7951],[77.7098,11.7976],[77.6973,11.7606],[77.6727,11.7328],[77.6755,11.7253],[77.6587,11.7178],[77.6492,11.7048],[77.6343,11.664],[77.625,11.6637],[77.6253,11.673],[77.6184,11.6762],[77.6228,11.6649],[77.6107,11.6522],[77.589,11.685],[77.5784,11.6853],[77.5818,11.6759],[77.5718,11.665],[77.5767,11.6525],[77.5643,11.6609],[77.5373,11.6192],[77.5287,11.5863],[77.5128,11.5919],[77.5163,11.5793],[77.4933,11.5588],[77.4962,11.5518],[77.4856,11.5498],[77.4447,11.5614],[77.4518,11.5806],[77.4497,11.5954],[77.4586,11.6066],[77.445,11.6184],[77.4376,11.645],[77.454,11.6661],[77.4397,11.6737],[77.4356,11.7028],[77.4432,11.7166],[77.4344,11.7153],[77.4351,11.7315],[77.4194,11.7288],[77.4154,11.7396],[77.4268,11.7606],[77.4272,11.7609]]],[[[77.549,11.641],[77.5438,11.6444],[77.5407,11.6398],[77.5458,11.6364],[77.549,11.641]]],[[[77.5583,11.6627],[77.5553,11.6694],[77.5564,11.661],[77.5583,11.6627]]],[[[77.5571,11.8204],[77.5486,11.8195],[77.5575,11.8198],[77.5571,11.8204]]],[[[77.5321,11.8485],[77.525,11.8446],[77.5338,11.8372],[77.5353,11.8257],[77.5266,11.8113],[77.5307,11.7784],[77.4804,11.7392],[77.4646,11.7422],[77.45,11.6969],[77.4574,11.678],[77.4717,11.694],[77.472,11.7181],[77.4764,11.7138],[77.5098,11.7533],[77.5284,11.7513],[77.5388,11.7393],[77.5477,11.7444],[77.5399,11.7524],[77.5571,11.7665],[77.5716,11.7114],[77.596,11.7498],[77.5852,11.758],[77.5907,11.7733],[77.6134,11.7663],[77.6208,11.7372],[77.627,11.727],[77.6315,11.7292],[77.6354,11.7539],[77.6171,11.7768],[77.6163,11.7863],[77.606,11.7916],[77.5719,11.7855],[77.5735,11.8012],[77.5419,11.8015],[77.5495,11.8084],[77.5425,11.8247],[77.5447,11.8371],[77.5367,11.8466],[77.5321,11.8485]]]]}},{"type":"Feature","properties":{"district":"Kallakurichi"},"geometry":{"type":"Polygon","coordinates":[[[79.1726,12.0305],[79.1475,12.0441],[79.1254,12.0188],[79.1125,12.0265],[79.1071,12.0198],[79.0945,12.03],[79.0789,12.0315],[79.0769,12.0442],[79.088,12.0424],[79.0985,12.0661],[79.0852,12.0811],[79.0788,12.0712],[79.063,12.0699],[79.0611,12.0606],[79.0688,12.0525],[79.0605,12.0522],[79.0525,12.0365],[79.0229,12.0501],[79.0209,12.0554],[79.0315,12.0644],[78.995,12.0676],[78.9885,12.0551],[78.981,12.0656],[78.9581,12.0683],[78.9415,12.0506],[78.9489,12.0409],[78.9448,12.031],[78.912,12.0054],[78.8688,12.0037],[78.8614,12.0123],[78.8287,12.0077],[78.8043,12.0196],[78.7803,12.0077],[78.7575,12.0116],[78.7365,11.988],[78.7181,11.9875],[78.7099,11.9666],[78.7133,11.9507],[78.7083,11.9511],[78.7044,11.94],[78.7239,11.9197],[78.7082,11.8979],[78.6947,11.8945],[78.6899,11.904],[78.6608,11.8953],[78.6551,11.8854],[78.6346,11.8883],[78.6361,11.8784],[78.6277,11.873],[78.6277,11.867],[78.6553,11.8652],[78.6586,11.8568],[78.6776,11.8583],[78.6952,11.8512],[78.6922,11.8039],[78.6653,11.7967],[78.6622,11.7799],[78.6432,11.7683],[78.6379,11.7212],[78.6527,11.7153],[78.6459,11.6604],[78.66,11.6616],[78.6591,11.6479],[78.6801,11.6436],[78.6785,11.665],[78.683,11.6672],[78.6779,11.6718],[78.6932,11.6893],[78.7096,11.6902],[78.7179,11.6832],[78.7806,11.7033],[78.8061,11.6865],[78.8065,11.6613],[78.7736,11.6366],[78.7863,11.6413],[78.7898,11.6289],[78.7864,11.6135],[78.7767,11.6134],[78.7753,11.606],[78.8176,11.5909],[78.8293,11.5782],[78.8162,11.5617],[78.816,11.5425],[78.8292,11.5439],[78.843,11.523],[78.8707,11.5177],[78.8776,11.5075],[78.9049,11.5053],[78.9175,11.5316],[78.9238,11.5671],[78.9743,11.5746],[78.981,11.567],[79.0044,11.5746],[79.0189,11.5929],[79.0121,11.6027],[79.0184,11.6067],[79.0498,11.5956],[79.0432,11.5872],[79.055,11.5864],[79.0682,11.5988],[79.0779,11.5969],[79.077,11.608],[79.0656,11.6113],[79.0675,11.6302],[79.0841,11.6343],[79.0986,11.6212],[79.0982,11.6142],[79.1129,11.6133],[79.1165,11.5992],[79.1358,11.589],[79.1477,11.5895],[79.1565,11.5982],[79.1837,11.586],[79.2124,11.6201],[79.21,11.6337],[79.2189,11.6389],[79.2356,11.6293],[79.2487,11.6524],[79.2709,11.6437],[79.2915,11.6473],[79.2963,11.6364],[79.3087,11.6327],[79.3116,11.6439],[79.3264,11.6478],[79.3323,11.661],[79.3598,11.6599],[79.3616,11.6727],[79.3769,11.6791],[79.3955,11.6803],[79.4178,11.6679],[79.4443,11.666],[79.4345,11.7033],[79.4359,11.7239],[79.4285,11.7312],[79.4628,11.7432],[79.4638,11.7672],[79.4388,11.7666],[79.4306,11.7785],[79.4435,11.81],[79.4664,11.8073],[79.4683,11.7992],[79.4827,11.8119],[79.477,11.823],[79.4805,11.8372],[79.4716,11.8354],[79.4722,11.8469],[79.4515,11.8491],[79.4551,11.8715],[79.441,11.8728],[79.4146,11.8989],[79.3749,11.9195],[79.364,11.9181],[79.3488,11.926],[79.3081,11.9204],[79.3055,11.9339],[79.2926,11.9441],[79.2372,11.9521],[79.209,11.9746],[79.1847,11.9728],[79.1864,11.9858],[79.1684,11.9922],[79.1718,12.0277],[79.1726,12.0305]]]}},{"type":"Feature","properties":{"district":"Kancheepuram"},"geometry":{"type":"MultiPolygon","coordinates":[[[[80.0798,13.0162],[80.0711,13.0374],[80.0524,13.0228],[80.042,13.0297],[80.0427,13.019],[80.0225,13.0239],[80.0238,13.0404],[79.9946,13.0467],[79.9885,13.0314],[79.9819,13.0317],[79.9742,13.0389],[79.9789,13.0492],[79.9909,13.0516],[79.9865,13.0562],[79.9699,13.049],[79.9688,13.0375],[79.949,13.0327],[79.9182,13.035],[79.9178,13.0476],[79.9007,13.0495],[79.9004,13.017],[79.92,13.0195],[79.9201,13.0143],[79.9418,13.0086],[79.9423,13.0013],[79.9286,12.9901],[79.9084,13.0042],[79.8892,12.9937],[79.914,12.9789],[79.9102,12.9659],[79.8962,12.959],[79.8904,12.9451],[79.8526,12.9484],[79.8482,12.9564],[79.8324,12.9582],[79.8319,12.9639],[79.8212,12.962],[79.82,12.9879],[79.813,12.9903],[79.8305,12.997],[79.8245,13.0114],[79.8266,13.0304],[79.8011,13.0149],[79.7967,13.0277],[79.7687,13.017],[79.7341,12.9868],[79.701,12.9763],[79.6589,12.9506],[79.6631,12.9304],[79.5683,12.8996],[79.5641,12.886],[79.557,12.8849],[79.5671,12.8594],[79.5563,12.8523],[79.5964,12.8289],[79.608,12.8294],[79.6383,12.8148],[79.6429,12.8026],[79.6353,12.7864],[79.6502,12.7825],[79.6462,12.7725],[79.6545,12.7642],[79.6573,12.7747],[79.6704,12.7777],[79.6705,12.7876],[79.6775,12.7902],[79.6969,12.7763],[79.7075,12.7778],[79.7093,12.7587],[79.7311,12.756],[79.7448,12.7439],[79.7415,12.7346],[79.7132,12.7283],[79.7365,12.7193],[79.7357,12.7034],[79.7438,12.7029],[79.7419,12.6949],[79.6825,12.668],[79.6466,12.6704],[79.6303,12.631],[79.6454,12.6252],[79.6457,12.6031],[79.6658,12.5934],[79.6884,12.6016],[79.7246,12.5874],[79.7249,12.579],[79.7158,12.5812],[79.7057,12.5695],[79.7192,12.5646],[79.7146,12.5496],[79.7439,12.5319],[79.755,12.5431],[79.7537,12.5617],[79.7637,12.5502],[79.7769,12.5519],[79.7801,12.5605],[79.7928,12.5606],[79.7959,12.5682],[79.8193,12.5655],[79.8206,12.5789],[79.8113,12.5955],[79.8153,12.6061],[79.8053,12.6291],[79.8235,12.6207],[79.8407,12.6239],[79.8478,12.6315],[79.8631,12.6266],[79.888,12.6304],[79.897,12.6416],[79.9245,12.6326],[79.9285,12.6372],[79.9171,12.6962],[79.9322,12.6953],[79.9311,12.7024],[79.9528,12.6994],[79.9517,12.7108],[79.9266,12.7458],[79.8825,12.767],[79.891,12.7733],[79.8769,12.78],[79.9013,12.7845],[79.9103,12.7999],[79.9267,12.7984],[79.9393,12.7834],[79.9403,12.7906],[79.956,12.7908],[79.9637,12.8094],[79.9583,12.8108],[79.9568,12.8253],[79.9678,12.814],[80.0094,12.8094],[80.0121,12.817],[80.0304,12.8226],[80.0402,12.8397],[80.0506,12.839],[80.0613,12.8637],[80.0519,12.882],[80.0602,12.9001],[80.0703,12.9175],[80.084,12.9261],[80.0912,12.9468],[80.0998,12.9457],[80.1042,12.9534],[80.0845,12.9616],[80.0805,12.973],[80.065,12.9583],[80.0476,12.9647],[80.0529,12.9828],[80.0635,12.9846],[80.0585,13.0089],[80.0784,13.0166],[80.0798,13.0162]]],[[[80.2678,12.9751],[80.2434,12.9839],[80.2212,12.9651],[80.2042,12.983],[80.2108,13.0089],[80.1987,13.0161],[80.2,13.0287],[80.1886,13.023],[80.144,13.0236],[80.1448,13.017],[80.1582,13.0154],[80.1652,13.0042],[80.1607,12.998],[80.169,12.9802],[80.18,12.9791],[80.186,12.9682],[80.1959,12.9685],[80.201,12.9585],[80.1988,12.9462],[80.1879,12.9379],[80.1992,12.9334],[80.1988,12.9111],[80.2174,12.9106],[80.2089,12.8728],[80.22,12.8525],[80.2494,12.8572],[80.2671,12.9728],[80.2678,12.9751]]]]}},{"type":"Feature","properties":{"district":"Kanyakumari"},"geometry":{"type":"Polygon","coordinates":[[[77.5886,8.1421],[77.5838,8.1546],[77.5462,8.1581],[77.5377,8.1694],[77.5469,8.1794],[77.5417,8.1852],[77.5529,8.1918],[77.5455,8.1956],[77.5498,8.2056],[77.5438,8.2055],[77.5499,8.22],[77.5406,8.2215],[77.5453,8.2402],[77.5484,8.2447],[77.5697,8.2434],[77.5698,8.2484],[77.5767,8.2442],[77.5743,8.2558],[77.5584,8.2697],[77.5631,8.2756],[77.5537,8.2769],[77.5643,8.2786],[77.5309,8.3187],[77.5327,8.3353],[77.542,8.3353],[77.5337,8.3675],[77.5417,8.3788],[77.534,8.3909],[77.5234,8.3904],[77.5198,8.3822],[77.5073,8.387],[77.4915,8.3791],[77.4893,8.3884],[77.4732,8.3974],[77.4729,8.4163],[77.4616,8.4285],[77.4723,8.4553],[77.4644,8.4618],[77.4663,8.4688],[77.4451,8.4748],[77.4495,8.4872],[77.4387,8.5072],[77.3891,8.524],[77.3776,8.524],[77.3744,8.5181],[77.3508,8.5464],[77.2871,8.5668],[77.2695,8.5794],[77.2838,8.5467],[77.2622,8.5065],[77.2401,8.4971],[77.2297,8.509],[77.2143,8.5128],[77.2024,8.5012],[77.2119,8.4921],[77.2141,8.4697],[77.2274,8.4585],[77.2281,8.4473],[77.2066,8.4447],[77.1817,8.3958],[77.1682,8.3839],[77.161,8.3902],[77.1513,8.3849],[77.1613,8.374],[77.153,8.3551],[77.1675,8.3634],[77.1743,8.3586],[77.1755,8.3499],[77.1669,8.3427],[77.1806,8.3235],[77.1733,8.3198],[77.1693,8.3329],[77.1398,8.3299],[77.1192,8.3211],[77.1228,8.309],[77.1018,8.3065],[77.0961,8.2932],[77.1494,8.2556],[77.1859,8.2185],[77.2238,8.1963],[77.24,8.1768],[77.2982,8.1474],[77.3158,8.1218],[77.3342,8.1259],[77.4447,8.0946],[77.5509,8.078],[77.5643,8.0923],[77.5582,8.0977],[77.5588,8.1193],[77.5876,8.1415],[77.5886,8.1421]]]}},{"type":"Feature","properties":{"district":"Karur"},"geometry":{"type":"Polygon","coordinates":[[[78.1649,11.0132],[78.1017,11.0755],[78.071,11.079],[78.0548,11.074],[78.0275,11.0906],[77.9965,11.0968],[77.9519,11.0667],[77.9331,11.0702],[77.9198,11.0469],[77.9073,11.046],[77.9007,11.0346],[77.8811,11.0243],[77.855,11.0309],[77.8516,11.0461],[77.8305,11.0478],[77.8281,11.0632],[77.8178,11.0703],[77.811,11.0711],[77.8044,11.063],[77.7939,11.0674],[77.7796,11.063],[77.7824,11.039],[77.7919,11.0331],[77.7897,11.0188],[77.7813,10.9984],[77.7502,10.9765],[77.7532,10.9656],[77.7685,10.9667],[77.77,10.9618],[77.7608,10.9016],[77.7717,10.8935],[77.7749,10.8712],[77.784,10.8731],[77.7889,10.8861],[77.7964,10.8659],[77.8207,10.8577],[77.8362,10.8354],[77.8455,10.8369],[77.8564,10.8493],[77.8669,10.8441],[77.8734,10.8339],[77.8714,10.7954],[77.8814,10.7888],[77.8914,10.7925],[77.893,10.7805],[77.892,10.7738],[77.8711,10.7717],[77.8549,10.7839],[77.8359,10.7868],[77.8278,10.7975],[77.7985,10.8058],[77.7936,10.7903],[77.7778,10.7896],[77.7711,10.7672],[77.797,10.7524],[77.8128,10.7584],[77.8269,10.7501],[77.8218,10.7336],[77.8246,10.7151],[77.81,10.699],[77.808,10.6808],[77.8177,10.6794],[77.813,10.6482],[77.8292,10.6336],[77.846,10.639],[77.8723,10.6312],[77.8764,10.6454],[77.8856,10.6503],[77.8959,10.6455],[77.9092,10.657],[77.914,10.6482],[77.9778,10.6398],[77.9699,10.6725],[78.0055,10.6755],[78.0152,10.7196],[78.0087,10.7221],[78.0106,10.7311],[77.9987,10.7299],[77.9982,10.7428],[77.9579,10.7438],[77.9313,10.7366],[77.9392,10.7684],[77.9833,10.7595],[77.9949,10.7617],[77.9985,10.7745],[78.0246,10.7716],[78.0278,10.7815],[78.0341,10.7745],[78.0557,10.7739],[78.0569,10.7636],[78.0699,10.7757],[78.0981,10.7669],[78.0964,10.7889],[78.1051,10.805],[78.1491,10.8039],[78.1586,10.8328],[78.176,10.8351],[78.1799,10.8228],[78.1858,10.8337],[78.1808,10.8212],[78.1861,10.8193],[78.1699,10.799],[78.1682,10.7759],[78.1516,10.7405],[78.1547,10.7201],[78.1451,10.6767],[78.1455,10.6496],[78.1631,10.6489],[78.1654,10.6137],[78.1362,10.5968],[78.1327,10.5751],[78.1392,10.5626],[78.161,10.5625],[78.17,10.5542],[78.1888,10.5591],[78.2,10.5467],[78.2431,10.5543],[78.2627,10.579],[78.2558,10.6014],[78.2658,10.6282],[78.2835,10.7459],[78.2923,10.7353],[78.2925,10.7018],[78.3164,10.7017],[78.3205,10.7091],[78.3419,10.7052],[78.345,10.7215],[78.3778,10.726],[78.3743,10.7185],[78.3844,10.7167],[78.4074,10.6739],[78.425,10.6718],[78.4382,10.69],[78.4679,10.6885],[78.4706,10.7037],[78.5135,10.6949],[78.5203,10.7106],[78.5518,10.7226],[78.5654,10.7345],[78.5689,10.7475],[78.5622,10.7645],[78.5717,10.775],[78.5651,10.7825],[78.5575,10.7808],[78.5573,10.7893],[78.545,10.7961],[78.5546,10.8134],[78.5765,10.8081],[78.5858,10.8237],[78.5867,10.831],[78.5729,10.8357],[78.5791,10.8503],[78.5743,10.8562],[78.5582,10.8638],[78.5464,10.8789],[78.5046,10.8855],[78.4906,10.8951],[78.4845,10.8857],[78.4712,10.8863],[78.476,10.9064],[78.4894,10.9065],[78.4638,10.9141],[78.4688,10.9213],[78.403,10.9607],[78.2503,10.9688],[78.2063,10.9587],[78.195,10.9632],[78.196,10.9738],[78.1819,10.9796],[78.1651,11.0126],[78.1649,11.0132]]]}},{"type":"Feature","properties":{"district":"Krishnagiri"},"geometry":{"type":"Polygon","coordinates":[[[78.4125,12.6269],[78.3714,12.6271],[78.3436,12.6487],[78.301,12.6659],[78.2711,12.7051],[78.2446,12.7063],[78.2377,12.6858],[78.2106,12.6861],[78.201,12.6917],[78.2099,12.7005],[78.2072,12.7082],[78.2312,12.7126],[78.2408,12.7295],[78.231,12.7607],[78.1952,12.7738],[78.1774,12.7759],[78.1677,12.7701],[78.1342,12.782],[78.125,12.7982],[78.0902,12.8174],[78.0862,12.8319],[78.0739,12.8305],[78.077,12.8391],[78.0602,12.8438],[78.0536,12.8538],[78.0505,12.8487],[78.0239,12.8565],[78.029,12.8452],[78.0191,12.8439],[78.0183,12.8311],[78.0039,12.8256],[78.0153,12.8138],[78.0098,12.8057],[77.9885,12.8082],[77.9898,12.8215],[77.9793,12.827],[77.9804,12.8351],[77.9643,12.8328],[77.9654,12.8482],[77.9528,12.8501],[77.9523,12.8571],[77.94,12.8531],[77.9466,12.8387],[77.9407,12.8233],[77.9206,12.8282],[77.9172,12.8389],[77.9228,12.8556],[77.9418,12.8716],[77.9277,12.8749],[77.9271,12.8815],[77.9361,12.8836],[77.9293,12.8909],[77.9088,12.8848],[77.9084,12.8788],[77.8949,12.8786],[77.8903,12.8697],[77.8509,12.8661],[77.836,12.8703],[77.8325,12.862],[77.8079,12.8477],[77.7991,12.8515],[77.7925,12.8421],[77.7959,12.8345],[77.8099,12.8315],[77.8099,12.8155],[77.8022,12.817],[77.7997,12.8052],[77.8085,12.7967],[77.7986,12.7951],[77.7788,12.7678],[77.7943,12.7578],[77.7934,12.7494],[77.7633,12.7369],[77.7611,12.7275],[77.7745,12.7242],[77.7618,12.6976],[77.7375,12.6977],[77.7399,12.673],[77.7246,12.6712],[77.7228,12.6796],[77.7116,12.6831],[77.711,12.6671],[77.7042,12.6614],[77.6787,12.6604],[77.6764,12.6795],[77.6599,12.6838],[77.5989,12.6672],[77.5961,12.6503],[77.6062,12.6289],[77.591,12.6152],[77.5914,12.5921],[77.5793,12.5731],[77.5804,12.5516],[77.5864,12.5457],[77.5872,12.5148],[77.6124,12.5149],[77.6163,12.5092],[77.5837,12.4788],[77.6074,12.4751],[77.6261,12.4963],[77.6344,12.4882],[77.6272,12.4585],[77.6296,12.4183],[77.6233,12.4123],[77.6143,12.3622],[77.6009,12.3585],[77.5915,12.3401],[77.5786,12.3357],[77.566,12.3062],[77.5579,12.3057],[77.5513,12.2912],[77.5328,12.2915],[77.5272,12.2788],[77.5142,12.2754],[77.5,12.2826],[77.4876,12.2805],[77.4791,12.2713],[77.4711,12.2435],[77.4826,12.2294],[77.4719,12.2084],[77.4927,12.1973],[77.5187,12.1945],[77.5463,12.2047],[77.5658,12.1963],[77.6093,12.2061],[77.6376,12.1967],[77.6589,12.1993],[77.7313,12.1801],[77.7467,12.1558],[77.7724,12.172],[77.7768,12.1574],[77.7939,12.1477],[77.7948,12.1688],[77.8035,12.1762],[77.8145,12.2342],[77.8453,12.2622],[77.8617,12.2545],[77.8677,12.2658],[77.875,12.3032],[77.8672,12.3302],[77.8792,12.3359],[77.9267,12.3251],[77.9485,12.3366],[77.9546,12.3513],[77.9495,12.3751],[77.9678,12.3943],[77.9704,12.4142],[77.9451,12.4494],[77.9304,12.4418],[77.9238,12.4561],[77.9345,12.4694],[77.9222,12.4907],[77.9058,12.4894],[77.8999,12.4997],[77.9089,12.5127],[77.9215,12.5042],[77.9424,12.5137],[77.9535,12.5022],[77.946,12.4993],[77.9589,12.4839],[77.9683,12.4953],[77.9818,12.4991],[77.9858,12.5098],[77.9938,12.5004],[78.0118,12.5028],[78.0127,12.4845],[78.0271,12.4597],[78.0382,12.4615],[78.0416,12.4735],[78.0491,12.4756],[78.0597,12.4647],[78.0778,12.4636],[78.0801,12.4489],[78.0981,12.4454],[78.1083,12.4553],[78.1181,12.4547],[78.1146,12.4453],[78.1274,12.4419],[78.1425,12.4272],[78.1278,12.4023],[78.1349,12.3819],[78.1428,12.3707],[78.1667,12.3629],[78.1636,12.3509],[78.1736,12.3372],[78.2008,12.3358],[78.2052,12.3291],[78.2271,12.3489],[78.2362,12.3479],[78.2397,12.3341],[78.2473,12.3328],[78.2294,12.3174],[78.2356,12.3071],[78.232,12.3022],[78.2582,12.2945],[78.2675,12.2634],[78.2771,12.2602],[78.2824,12.2683],[78.3022,12.274],[78.3169,12.2601],[78.3343,12.2635],[78.3526,12.2473],[78.3588,12.2352],[78.3549,12.2261],[78.4031,12.2239],[78.4017,12.2133],[78.3919,12.2045],[78.3791,12.2055],[78.3744,12.1953],[78.3909,12.1861],[78.4086,12.1965],[78.4212,12.1897],[78.4464,12.1911],[78.4475,12.1853],[78.4719,12.1728],[78.4653,12.1467],[78.4973,12.1392],[78.5064,12.1429],[78.5165,12.1772],[78.5546,12.1805],[78.5715,12.1935],[78.5825,12.1623],[78.6123,12.1825],[78.6211,12.1842],[78.6329,12.1766],[78.6407,12.1977],[78.65,12.1882],[78.655,12.1966],[78.6697,12.1975],[78.6886,12.2219],[78.68,12.2227],[78.6687,12.2384],[78.6654,12.2333],[78.6508,12.2402],[78.6525,12.2527],[78.6352,12.2612],[78.6415,12.2822],[78.6237,12.2648],[78.6036,12.2628],[78.6042,12.2792],[78.6131,12.2941],[78.6095,12.3098],[78.5984,12.3132],[78.5928,12.3074],[78.5883,12.3128],[78.6046,12.3318],[78.6112,12.33],[78.6172,12.3473],[78.5845,12.3606],[78.5675,12.389],[78.5257,12.3986],[78.5141,12.4071],[78.5086,12.3988],[78.4961,12.4121],[78.4901,12.3869],[78.4648,12.3919],[78.4588,12.385],[78.4358,12.3938],[78.4556,12.4285],[78.4479,12.4413],[78.4502,12.4494],[78.4155,12.4882],[78.4199,12.5082],[78.4131,12.5171],[78.4213,12.5675],[78.4073,12.6023],[78.4121,12.6266],[78.4125,12.6269]]]}},{"type":"Feature","properties":{"district":"Madurai"},"geometry":{"type":"Polygon","coordinates":[[[78.3787,10.3101],[78.3633,10.2937],[78.3294,10.2984],[78.3387,10.2983],[78.3399,10.2887],[78.3288,10.2893],[78.3255,10.2833],[78.332,10.2549],[78.3216,10.2434],[78.3287,10.2284],[78.3202,10.2141],[78.309,10.2147],[78.3135,10.2088],[78.3038,10.2109],[78.2914,10.2039],[78.2689,10.1824],[78.2722,10.1719],[78.2597,10.1614],[78.2598,10.1542],[78.2697,10.1513],[78.2619,10.159],[78.2814,10.1669],[78.2843,10.1486],[78.2808,10.1296],[78.2705,10.1294],[78.2734,10.1148],[78.2613,10.1024],[78.2604,10.0859],[78.2126,10.0753],[78.2029,10.0669],[78.204,10.0793],[78.1702,10.0925],[78.1747,10.0983],[78.1563,10.1073],[78.1654,10.1239],[78.1612,10.1545],[78.1461,10.1794],[78.1306,10.1875],[78.1036,10.1923],[78.0915,10.182],[78.0708,10.1881],[78.0632,10.1833],[78.02,10.1845],[78.0137,10.1634],[77.9971,10.1607],[77.9841,10.1366],[77.9727,10.1312],[77.9622,10.1373],[77.9336,10.1136],[77.9313,10.0903],[77.9467,10.0906],[77.9465,10.0836],[77.9254,10.091],[77.9196,10.0719],[77.909,10.0758],[77.9015,10.0711],[77.891,10.0781],[77.8748,10.0616],[77.8606,10.0751],[77.8355,10.0741],[77.8229,10.0655],[77.8056,10.0676],[77.7805,10.0509],[77.7636,10.0559],[77.76,10.0466],[77.7554,10.0486],[77.7172,10.0181],[77.7104,10.0203],[77.7126,10.0259],[77.7015,10.014],[77.6979,10.0173],[77.6924,9.9691],[77.6732,9.9618],[77.679,9.9328],[77.6674,9.9133],[77.6541,9.9186],[77.6448,9.8883],[77.6185,9.8584],[77.6173,9.8389],[77.6257,9.8353],[77.6179,9.81],[77.5986,9.7766],[77.5663,9.7478],[77.5353,9.675],[77.5232,9.6603],[77.5036,9.6502],[77.5063,9.6385],[77.4641,9.579],[77.4754,9.5631],[77.4981,9.5752],[77.4998,9.5963],[77.5141,9.6108],[77.5194,9.6364],[77.5373,9.6598],[77.5474,9.6586],[77.5433,9.6452],[77.5519,9.6444],[77.5761,9.6689],[77.586,9.6669],[77.6055,9.6951],[77.6288,9.7047],[77.6321,9.7008],[77.644,9.7064],[77.6566,9.6798],[77.6684,9.6772],[77.6777,9.6828],[77.6812,9.6767],[77.6937,9.6974],[77.7077,9.691],[77.7101,9.7054],[77.7258,9.6927],[77.76,9.6827],[77.7695,9.6642],[77.7639,9.6606],[77.7668,9.6516],[77.7763,9.6404],[77.791,9.6391],[77.7947,9.6487],[77.8086,9.6399],[77.8419,9.6353],[77.8489,9.6504],[77.8914,9.6423],[77.9007,9.6265],[77.9106,9.6382],[77.9216,9.6379],[77.9232,9.6476],[77.9344,9.6491],[77.9623,9.6462],[77.964,9.6332],[77.9753,9.6296],[77.9963,9.6401],[78.0007,9.6503],[78.0146,9.6395],[78.0406,9.6785],[78.0615,9.6706],[78.0593,9.6618],[78.0818,9.6632],[78.08,9.6765],[78.0852,9.6755],[78.0878,9.6834],[78.0763,9.6968],[78.0799,9.7083],[78.068,9.7234],[78.0713,9.7356],[78.0614,9.7415],[78.0671,9.7529],[78.0782,9.749],[78.0843,9.7582],[78.1011,9.7551],[78.1043,9.7682],[78.088,9.7789],[78.1045,9.7864],[78.1256,9.7711],[78.1253,9.7656],[78.137,9.7617],[78.1455,9.7892],[78.1409,9.8092],[78.1723,9.797],[78.1599,9.7746],[78.1759,9.7722],[78.1934,9.8066],[78.1691,9.8309],[78.1517,9.8277],[78.153,9.8217],[78.1423,9.8123],[78.1278,9.8141],[78.1324,9.8332],[78.125,9.8546],[78.1508,9.8522],[78.1513,9.8747],[78.181,9.8678],[78.2087,9.8755],[78.2252,9.861],[78.229,9.8649],[78.2487,9.8602],[78.2392,9.8453],[78.2584,9.8342],[78.267,9.8562],[78.2503,9.8737],[78.2873,9.8702],[78.2945,9.8614],[78.3096,9.8653],[78.3171,9.9262],[78.3453,9.94],[78.3703,9.9346],[78.372,9.9623],[78.3889,9.9522],[78.4566,9.9685],[78.4477,9.9862],[78.4565,9.9921],[78.4561,10.0181],[78.4445,10.0244],[78.4435,10.0343],[78.4307,10.036],[78.4277,10.053],[78.4374,10.0611],[78.4529,10.0589],[78.4542,10.0702],[78.4619,10.0716],[78.4564,10.0992],[78.4707,10.1103],[78.4736,10.1219],[78.4581,10.1245],[78.4516,10.119],[78.4327,10.1351],[78.4259,10.122],[78.4253,10.1333],[78.4017,10.1386],[78.413,10.1607],[78.3988,10.1657],[78.3946,10.1741],[78.4125,10.2131],[78.4079,10.2232],[78.3977,10.2261],[78.3924,10.2416],[78.4106,10.2571],[78.4251,10.2586],[78.4242,10.2707],[78.4062,10.2757],[78.3867,10.2703],[78.3813,10.2939],[78.3857,10.2893],[78.3906,10.3022],[78.3787,10.31],[78.3787,10.3101]]]}},{"type":"Feature","properties":{"district":"Mayiladuthurai"},"geometry":{"type":"Polygon","coordinates":[[[79.7481,10.9965],[79.7468,11.0026],[79.7558,11.0038],[79.7667,10.9973],[79.7861,10.9974],[79.7864,10.9896],[79.7978,10.9825],[79.805,10.9984],[79.8333,11.0028],[79.8513,10.9943],[79.8538,10.9832],[79.8566,11.1714],[79.8343,11.3217],[79.8426,11.3507],[79.8322,11.3565],[79.8129,11.4227],[79.8034,11.3811],[79.7916,11.3724],[79.7644,11.382],[79.7569,11.3729],[79.7593,11.3526],[79.7245,11.3458],[79.6838,11.312],[79.6503,11.2993],[79.6424,11.2836],[79.647,11.2493],[79.6336,11.2463],[79.6164,11.2555],[79.6026,11.2214],[79.5619,11.2083],[79.5267,11.1837],[79.5308,11.1778],[79.5378,11.1806],[79.5395,11.1626],[79.5569,11.1629],[79.5578,11.1544],[79.5728,11.148],[79.5613,11.1318],[79.551,11.1302],[79.5501,11.1147],[79.5436,11.1166],[79.5361,11.1029],[79.5415,11.0953],[79.5417,11.1047],[79.5471,11.1047],[79.5411,11.0847],[79.5498,11.0852],[79.5526,11.0778],[79.5367,11.0704],[79.5311,11.0569],[79.5109,11.0421],[79.5118,11.0275],[79.5301,11.0268],[79.5322,11.014],[79.5246,11.0162],[79.5231,11.0088],[79.5422,11.0084],[79.5469,11.0029],[79.523,10.9972],[79.5254,10.9895],[79.5086,10.984],[79.5159,10.9698],[79.5302,10.9691],[79.5273,10.9597],[79.5325,10.9685],[79.545,10.9656],[79.5638,10.9765],[79.5748,10.9706],[79.5782,10.9828],[79.5907,10.9829],[79.5912,10.9766],[79.604,10.9718],[79.6084,10.9762],[79.6042,10.9822],[79.6327,10.9809],[79.6315,10.9924],[79.641,11.008],[79.671,11.0173],[79.7003,11.0154],[79.7309,10.9951],[79.7481,10.9965],[79.7481,10.9965]]]}},{"type":"Feature","properties":{"district":"Nagapattinam"},"geometry":{"type":"Polygon","coordinates":[[[79.7247,10.9297],[79.7157,10.9309],[79.7144,10.9137],[79.705,10.9196],[79.7064,10.9258],[79.701,10.9194],[79.6906,10.9203],[79.6848,10.9283],[79.6789,10.9154],[79.6686,10.9143],[79.6676,10.901],[79.6526,10.8861],[79.6556,10.8757],[79.6462,10.8744],[79.6524,10.8672],[79.651,10.8564],[79.642,10.8571],[79.655,10.844],[79.6545,10.8361],[79.6482,10.8351],[79.6528,10.8246],[79.6313,10.8227],[79.6313,10.8154],[79.6425,10.8158],[79.6572,10.8058],[79.659,10.8174],[79.6866,10.8161],[79.6861,10.8297],[79.6982,10.8307],[79.7036,10.8244],[79.7276,10.8292],[79.7236,10.8076],[79.7316,10.81],[79.7319,10.8022],[79.7037,10.7834],[79.6949,10.7628],[79.6982,10.7455],[79.6813,10.7287],[79.6893,10.7226],[79.6872,10.7159],[79.6778,10.7165],[79.6689,10.7081],[79.6558,10.7132],[79.6523,10.7068],[79.6723,10.6932],[79.6779,10.6811],[79.6667,10.6504],[79.6542,10.6573],[79.6501,10.6521],[79.6494,10.6428],[79.67,10.6329],[79.6736,10.6244],[79.6727,10.6164],[79.6557,10.6129],[79.659,10.604],[79.6674,10.6026],[79.6693,10.5852],[79.6872,10.5836],[79.6797,10.5727],[79.6689,10.5755],[79.6596,10.5592],[79.6757,10.5616],[79.6998,10.549],[79.7103,10.5537],[79.715,10.5417],[79.7267,10.5361],[79.7003,10.5061],[79.6884,10.5104],[79.6994,10.4834],[79.6772,10.4807],[79.6902,10.4499],[79.6636,10.4403],[79.6589,10.4467],[79.6308,10.4455],[79.6333,10.4157],[79.6274,10.3962],[79.6371,10.3787],[79.6388,10.3423],[79.7051,10.2928],[79.7209,10.288],[79.7184,10.2816],[79.7088,10.2809],[79.7527,10.2776],[79.7508,10.2734],[79.7793,10.2749],[79.7735,10.291],[79.7679,10.2886],[79.7487,10.3007],[79.7487,10.3144],[79.7627,10.3131],[79.7601,10.3082],[79.7671,10.3017],[79.7796,10.2921],[79.7834,10.2961],[79.7875,10.2813],[79.7801,10.2725],[79.8139,10.2756],[79.8133,10.2887],[79.8168,10.2758],[79.8603,10.2824],[79.8736,10.2918],[79.8808,10.3068],[79.8654,10.4013],[79.8629,10.4702],[79.8585,10.4723],[79.8626,10.473],[79.8581,10.5678],[79.8528,10.5757],[79.8573,10.5745],[79.8533,10.6765],[79.841,10.6763],[79.8533,10.6794],[79.8525,10.8272],[79.8311,10.8274],[79.8281,10.8497],[79.8211,10.8456],[79.8079,10.8556],[79.8075,10.8654],[79.8117,10.8597],[79.8249,10.8648],[79.8224,10.8742],[79.8111,10.8756],[79.8113,10.8803],[79.8286,10.8838],[79.8043,10.8911],[79.7947,10.8875],[79.7904,10.8949],[79.7837,10.8885],[79.7826,10.8953],[79.7954,10.9027],[79.7893,10.9084],[79.7774,10.9089],[79.777,10.8966],[79.7563,10.8918],[79.7636,10.8997],[79.757,10.8965],[79.7624,10.9144],[79.7434,10.9148],[79.7431,10.925],[79.7251,10.9292],[79.7247,10.9297]]]}},{"type":"Feature","properties":{"district":"Namakkal"},"geometry":{"type":"Polygon","coordinates":[[[78.4862,11.4074],[78.4899,11.414],[78.4839,11.4142],[78.4807,11.407],[78.4474,11.4002],[78.427,11.3849],[78.4449,11.4031],[78.4486,11.4309],[78.458,11.4388],[78.4454,11.4397],[78.4377,11.4648],[78.4259,11.4709],[78.436,11.4859],[78.4329,11.4954],[78.4577,11.5024],[78.4618,11.4949],[78.4734,11.52],[78.4702,11.5293],[78.4616,11.5292],[78.4598,11.5344],[78.4665,11.5375],[78.4543,11.5423],[78.4606,11.5613],[78.4488,11.5655],[78.4516,11.5971],[78.4391,11.5981],[78.3859,11.5865],[78.3829,11.5752],[78.3758,11.5773],[78.3745,11.5885],[78.3435,11.5465],[78.3452,11.5416],[78.3285,11.5313],[78.3101,11.5412],[78.3232,11.5426],[78.3295,11.5585],[78.3073,11.5646],[78.3103,11.5749],[78.3178,11.5733],[78.3193,11.5785],[78.3032,11.5888],[78.2719,11.5787],[78.2643,11.567],[78.2771,11.5658],[78.2662,11.5598],[78.2436,11.5527],[78.2074,11.5645],[78.2015,11.5531],[78.1768,11.5459],[78.1668,11.5487],[78.1606,11.5388],[78.1483,11.5375],[78.1387,11.544],[78.1322,11.5381],[78.1192,11.5391],[78.1101,11.5559],[78.0903,11.5454],[78.0831,11.5541],[78.0751,11.5322],[78.0789,11.524],[78.0703,11.5227],[78.0709,11.528],[78.0587,11.5157],[78.0551,11.5222],[78.054,11.5134],[78.0437,11.5151],[78.0463,11.5198],[78.0356,11.5222],[78.0347,11.5286],[78.0041,11.525],[77.9777,11.5306],[77.9718,11.5155],[77.977,11.5014],[77.9719,11.4682],[77.9485,11.474],[77.9411,11.4598],[77.9233,11.461],[77.9241,11.4515],[77.9157,11.4587],[77.9109,11.4222],[77.8801,11.4235],[77.8767,11.4136],[77.865,11.4171],[77.8646,11.4237],[77.8525,11.4151],[77.852,11.4223],[77.8472,11.4212],[77.8499,11.4346],[77.82,11.4461],[77.8345,11.457],[77.8312,11.4689],[77.8082,11.4688],[77.8158,11.4674],[77.8143,11.4576],[77.8058,11.4591],[77.8043,11.4486],[77.7978,11.4519],[77.7959,11.4473],[77.7843,11.4508],[77.7915,11.4656],[77.7849,11.4778],[77.7727,11.4828],[77.7655,11.4777],[77.761,11.451],[77.7421,11.4458],[77.7314,11.4447],[77.7194,11.4533],[77.7087,11.4492],[77.712,11.4638],[77.6966,11.4644],[77.6835,11.4266],[77.6852,11.4165],[77.716,11.3798],[77.7508,11.3542],[77.7576,11.3343],[77.7724,11.3221],[77.8077,11.2676],[77.8408,11.2606],[77.8648,11.2424],[77.8708,11.2148],[77.8615,11.1857],[77.8843,11.1559],[77.882,11.1225],[77.8931,11.078],[77.9474,11.0656],[77.9951,11.0969],[78.0275,11.0906],[78.0548,11.074],[78.071,11.079],[78.1017,11.0755],[78.1702,11.0127],[78.1948,11.0221],[78.197,11.0441],[78.1821,11.0419],[78.1633,11.0491],[78.1833,11.0696],[78.1958,11.0646],[78.2018,11.0755],[78.2289,11.0546],[78.2367,11.0666],[78.2299,11.0948],[78.25,11.0916],[78.2564,11.075],[78.2655,11.0703],[78.2779,11.0794],[78.2909,11.0772],[78.3239,11.0579],[78.3284,11.0331],[78.3446,11.0262],[78.3501,11.0483],[78.3601,11.0466],[78.3634,11.0651],[78.3507,11.0692],[78.3381,11.0835],[78.3382,11.0949],[78.324,11.0972],[78.3434,11.1122],[78.3461,11.138],[78.3806,11.1374],[78.3769,11.1762],[78.3874,11.1772],[78.3812,11.187],[78.4107,11.1975],[78.4219,11.2117],[78.4202,11.2207],[78.4396,11.2589],[78.4381,11.2685],[78.447,11.2748],[78.4525,11.298],[78.4654,11.3133],[78.4558,11.3322],[78.4473,11.3321],[78.4469,11.3448],[78.4596,11.3426],[78.4547,11.3493],[78.4618,11.3703],[78.4699,11.3856],[78.4791,11.3879],[78.4862,11.407],[78.4862,11.4074]]]}},{"type":"Feature","properties":{"district":"Nilgiris"},"geometry":{"type":"MultiPolygon","coordinates":[[[[76.8469,11.5945],[76.8228,11.6081],[76.8176,11.6047],[76.7569,11.6184],[76.7471,11.6138],[76.6305,11.6138],[76.614,11.6076],[76.5976,11.6106],[76.5923,11.6187],[76.5767,11.6145],[76.56,11.6225],[76.5506,11.6742],[76.5372,11.6908],[76.5111,11.705],[76.4936,11.693],[76.4817,11.6925],[76.4826,11.6861],[76.4582,11.6643],[76.4314,11.6664],[76.4441,11.6472],[76.4325,11.6313],[76.3881,11.6297],[76.378,11.6019],[76.3546,11.5893],[76.3404,11.5872],[76.3359,11.5957],[76.3024,11.5712],[76.2959,11.5904],[76.2861,11.5902],[76.2789,11.6009],[76.2345,11.5721],[76.2515,11.5378],[76.2505,11.5276],[76.2385,11.5263],[76.2482,11.5165],[76.2523,11.5],[76.2476,11.4685],[76.2646,11.4809],[76.2756,11.4769],[76.2844,11.4829],[76.2935,11.4657],[76.3052,11.4678],[76.3255,11.4533],[76.3422,11.4676],[76.3977,11.435],[76.4187,11.4418],[76.4151,11.4226],[76.4621,11.3875],[76.5178,11.3716],[76.5082,11.3541],[76.5479,11.3589],[76.55,11.331],[76.5373,11.314],[76.5458,11.3003],[76.5263,11.2883],[76.5222,11.2713],[76.4531,11.2394],[76.449,11.2055],[76.4386,11.199],[76.4519,11.1992],[76.4584,11.1877],[76.4735,11.1949],[76.4724,11.2088],[76.5105,11.2116],[76.5339,11.1968],[76.6009,11.2066],[76.6297,11.1942],[76.6782,11.2211],[76.6842,11.2337],[76.7071,11.2384],[76.6999,11.252],[76.7057,11.2633],[76.7371,11.2446],[76.743,11.2532],[76.7549,11.2487],[76.7519,11.2547],[76.7677,11.2641],[76.7691,11.2896],[76.7903,11.2791],[76.7979,11.2955],[76.807,11.2992],[76.8178,11.2899],[76.83,11.2933],[76.8427,11.2874],[76.8544,11.2961],[76.854,11.3058],[76.86,11.3036],[76.8546,11.3181],[76.8603,11.3246],[76.8511,11.3272],[76.8549,11.333],[76.8482,11.3348],[76.8498,11.3426],[76.8683,11.3446],[76.8625,11.3513],[76.8736,11.3519],[76.8767,11.3584],[76.8842,11.3517],[76.8898,11.3655],[76.9024,11.363],[76.9015,11.3512],[76.9063,11.3504],[76.9501,11.3658],[76.9284,11.3687],[76.9334,11.3764],[76.9556,11.3795],[76.981,11.4013],[76.9761,11.4139],[76.9829,11.4404],[76.9977,11.4406],[77.0007,11.4347],[77.0101,11.4384],[77.0122,11.452],[76.9926,11.4804],[76.9718,11.4677],[76.9559,11.4791],[76.9353,11.4822],[76.939,11.498],[76.9338,11.5067],[76.9451,11.5193],[76.9397,11.519],[76.9432,11.5224],[76.938,11.5271],[76.9264,11.5251],[76.9274,11.5333],[76.9144,11.5242],[76.8955,11.5274],[76.8663,11.5196],[76.8631,11.5441],[76.8395,11.5695],[76.8304,11.5719],[76.8422,11.5854],[76.8467,11.5821],[76.848,11.5927],[76.8469,11.5945]]],[[[76.9522,11.5483],[76.9548,11.5529],[76.9497,11.5545],[76.9514,11.5503],[76.9522,11.5483]]]]}},{"type":"Feature","properties":{"district":"Perambalur"},"geometry":{"type":"Polygon","coordinates":[[[78.8776,11.5075],[78.8719,11.5171],[78.8567,11.5235],[78.843,11.523],[78.8339,11.5066],[78.8103,11.5079],[78.8097,11.4819],[78.7984,11.4819],[78.7962,11.4609],[78.7895,11.4538],[78.8193,11.4396],[78.8228,11.4271],[78.8014,11.4022],[78.7988,11.3842],[78.7929,11.3899],[78.7892,11.3865],[78.7725,11.4154],[78.7413,11.4496],[78.7032,11.457],[78.6886,11.4432],[78.6884,11.4355],[78.6513,11.4224],[78.6508,11.4075],[78.6632,11.3738],[78.6901,11.3802],[78.6721,11.36],[78.6596,11.3579],[78.6552,11.3447],[78.6342,11.3339],[78.6397,11.3286],[78.6612,11.3314],[78.66,11.3194],[78.6659,11.3173],[78.6784,11.3275],[78.7331,11.3234],[78.7389,11.2941],[78.7512,11.2848],[78.7287,11.2725],[78.7261,11.261],[78.7101,11.249],[78.7134,11.24],[78.7027,11.2287],[78.7088,11.2277],[78.7126,11.2127],[78.6988,11.1911],[78.6759,11.1953],[78.6632,11.1747],[78.6512,11.1683],[78.652,11.1636],[78.6715,11.1664],[78.6758,11.1616],[78.701,11.0686],[78.7105,11.0564],[78.7177,11.0556],[78.7202,11.074],[78.7427,11.0755],[78.7455,11.0831],[78.7389,11.0867],[78.7353,11.1056],[78.7597,11.1216],[78.7768,11.1128],[78.8109,11.1117],[78.8073,11.0789],[78.84,11.0764],[78.8475,11.0902],[78.8725,11.0842],[78.8732,11.0967],[78.8865,11.1017],[78.9264,11.0894],[78.9382,11.0947],[78.974,11.0943],[78.9842,11.0888],[78.9847,11.0789],[78.9983,11.0762],[79.0064,11.0589],[79.0244,11.0677],[79.0323,11.0839],[79.0544,11.085],[79.0694,11.1089],[79.0654,11.1269],[79.0551,11.1299],[79.0561,11.1405],[79.0606,11.1413],[79.0595,11.1523],[79.0708,11.1545],[79.0694,11.1771],[79.0784,11.1808],[79.0758,11.1893],[79.0672,11.1889],[79.0659,11.2044],[79.0731,11.2081],[79.0934,11.1998],[79.0989,11.2307],[79.1112,11.2306],[79.1094,11.2444],[79.1222,11.2487],[79.122,11.2641],[79.109,11.2702],[79.111,11.289],[79.1301,11.2976],[79.1393,11.29],[79.1427,11.2991],[79.1409,11.3093],[79.125,11.3108],[79.13,11.331],[79.1575,11.3384],[79.1596,11.3488],[79.1508,11.3634],[79.1681,11.3784],[79.1091,11.401],[79.0831,11.3968],[79.053,11.4028],[79.0324,11.3936],[79.0107,11.3974],[78.997,11.4076],[78.9838,11.4029],[78.9607,11.4061],[78.879,11.5065],[78.8776,11.5075]]]}},{"type":"Feature","properties":{"district":"Pudukkottai"},"geometry":{"type":"MultiPolygon","coordinates":[[[[78.8735,10.7056],[78.8721,10.6881],[78.8204,10.6946],[78.8127,10.6724],[78.7997,10.6799],[78.802,10.6716],[78.7907,10.6498],[78.7653,10.6551],[78.7488,10.642],[78.7358,10.6717],[78.7381,10.6828],[78.7466,10.6868],[78.7428,10.7074],[78.7099,10.7221],[78.7091,10.7331],[78.6892,10.7346],[78.6976,10.7023],[78.6931,10.6913],[78.6821,10.6866],[78.6829,10.6711],[78.6658,10.6715],[78.6652,10.6548],[78.6525,10.6586],[78.6564,10.672],[78.6513,10.6814],[78.6585,10.7047],[78.6352,10.7074],[78.6261,10.7025],[78.6213,10.6758],[78.6092,10.6811],[78.5931,10.659],[78.5795,10.6641],[78.5656,10.6606],[78.5684,10.6813],[78.5508,10.6864],[78.5444,10.6752],[78.5178,10.6698],[78.5198,10.6517],[78.5291,10.6448],[78.527,10.6291],[78.4825,10.6384],[78.4595,10.6114],[78.4456,10.6074],[78.4524,10.5921],[78.4596,10.5901],[78.4584,10.5813],[78.4661,10.5783],[78.4639,10.5408],[78.4862,10.5388],[78.4913,10.5268],[78.4881,10.5204],[78.498,10.5067],[78.4961,10.4851],[78.5274,10.4863],[78.5405,10.5029],[78.5394,10.5126],[78.5328,10.5139],[78.5408,10.5304],[78.55,10.5141],[78.5646,10.512],[78.5694,10.5196],[78.5818,10.5219],[78.5708,10.4891],[78.5894,10.4745],[78.5851,10.4409],[78.5651,10.443],[78.5646,10.427],[78.5249,10.437],[78.5191,10.4314],[78.5165,10.4078],[78.5271,10.4028],[78.5303,10.3905],[78.5139,10.3715],[78.5056,10.3759],[78.497,10.3586],[78.5214,10.3263],[78.5154,10.3091],[78.5145,10.2676],[78.4923,10.2632],[78.4726,10.2699],[78.4529,10.2672],[78.4478,10.2454],[78.4646,10.2404],[78.4833,10.2545],[78.4793,10.2406],[78.4877,10.2344],[78.4727,10.2199],[78.4695,10.2043],[78.4878,10.1905],[78.516,10.1903],[78.5189,10.2366],[78.5276,10.2385],[78.5385,10.2577],[78.5535,10.2495],[78.5551,10.2548],[78.5706,10.2568],[78.5768,10.2663],[78.5695,10.2811],[78.5779,10.2872],[78.6116,10.2704],[78.6362,10.2692],[78.6517,10.2543],[78.6414,10.241],[78.6506,10.2366],[78.6472,10.2258],[78.652,10.2196],[78.6732,10.2047],[78.6642,10.179],[78.6704,10.176],[78.668,10.1543],[78.6776,10.1472],[78.6913,10.1478],[78.7085,10.1756],[78.7266,10.1698],[78.7277,10.1614],[78.7373,10.1586],[78.7471,10.1643],[78.7672,10.1634],[78.7689,10.1991],[78.8099,10.213],[78.8232,10.1981],[78.8136,10.1666],[78.8295,10.1545],[78.8331,10.1392],[78.8484,10.1375],[78.8479,10.1261],[78.8623,10.1264],[78.8819,10.1545],[78.8965,10.1473],[78.9001,10.1567],[78.9135,10.1446],[78.9135,10.1278],[78.9479,10.1056],[78.9667,10.1276],[78.987,10.0894],[78.977,10.0812],[78.963,10.0948],[78.9498,10.0895],[78.9459,10.0789],[78.9342,10.0719],[78.9437,10.0556],[78.9381,10.0575],[78.9236,10.0427],[78.932,10.0374],[78.9302,10.0218],[78.9517,10.008],[78.9649,10.0075],[78.9748,9.9996],[78.9725,9.9922],[78.9938,9.9959],[79.0031,9.9872],[79.01,9.9899],[79.0139,9.9809],[79.0029,9.9788],[78.9966,9.9672],[79.0033,9.9562],[78.988,9.9502],[79.006,9.9143],[79.0311,9.8932],[79.0461,9.8585],[79.0599,9.8585],[79.0695,9.85],[79.0901,9.8574],[79.1155,9.8491],[79.1102,9.8578],[79.1208,9.8553],[79.1222,9.8603],[79.113,9.8602],[79.1158,9.8795],[79.1216,9.8801],[79.1113,9.8928],[79.124,9.8836],[79.1298,9.8958],[79.1255,9.9037],[79.1315,9.8971],[79.1397,9.9044],[79.1367,9.9096],[79.1399,9.9047],[79.147,9.9114],[79.1389,9.9209],[79.1437,9.9187],[79.1453,9.9242],[79.1449,9.9187],[79.1505,9.9196],[79.2149,10.0001],[79.2661,10.0392],[79.2505,10.0421],[79.2551,10.0454],[79.2393,10.0578],[79.2453,10.0579],[79.2382,10.0647],[79.2467,10.0647],[79.2481,10.0709],[79.2341,10.0706],[79.232,10.0818],[79.2272,10.0735],[79.2303,10.0829],[79.2232,10.0812],[79.2314,10.083],[79.2289,10.1054],[79.2191,10.1093],[79.2294,10.1075],[79.2272,10.1191],[79.2334,10.1271],[79.226,10.1371],[79.2065,10.1368],[79.2092,10.1473],[79.1963,10.1609],[79.1514,10.1596],[79.1615,10.1799],[79.1504,10.1853],[79.1502,10.1939],[79.1737,10.2034],[79.1825,10.1933],[79.1893,10.201],[79.1831,10.2146],[79.1506,10.2162],[79.1442,10.2363],[79.1336,10.2304],[79.116,10.2339],[79.1176,10.2534],[79.1291,10.2536],[79.1326,10.2651],[79.1279,10.2819],[79.1186,10.2888],[79.1264,10.3012],[79.1216,10.3057],[79.1329,10.3091],[79.1349,10.319],[79.1253,10.3281],[79.1144,10.3282],[79.1208,10.3374],[79.153,10.3501],[79.1442,10.3829],[79.1527,10.4007],[79.1258,10.4379],[79.1375,10.4399],[79.1435,10.4457],[79.1404,10.4495],[79.1761,10.448],[79.1665,10.4554],[79.1907,10.4596],[79.1947,10.4659],[79.1768,10.4776],[79.1724,10.4743],[79.1709,10.4817],[79.1601,10.4735],[79.1518,10.4758],[79.1473,10.4859],[79.1299,10.4879],[79.1288,10.4954],[79.1392,10.4982],[79.1405,10.5123],[79.1549,10.5218],[79.1491,10.5236],[79.1517,10.5325],[79.1679,10.5301],[79.1846,10.5377],[79.1788,10.5505],[79.1906,10.5595],[79.1908,10.5782],[79.1788,10.5713],[79.1774,10.5869],[79.1428,10.5864],[79.1434,10.6084],[79.1276,10.6362],[79.1192,10.6348],[79.1043,10.6152],[79.1008,10.6296],[79.07,10.6407],[79.0655,10.6491],[79.0689,10.6774],[79.0167,10.6801],[79.0211,10.6989],[79.0292,10.704],[79.0105,10.7079],[79.0098,10.7195],[79.0035,10.7223],[78.9935,10.7217],[78.9914,10.7056],[78.9833,10.6966],[78.9871,10.6792],[78.9697,10.6754],[78.9712,10.6622],[78.9637,10.6514],[78.9548,10.6682],[78.9376,10.6751],[78.9487,10.6751],[78.9447,10.6807],[78.9335,10.6836],[78.9185,10.6708],[78.9082,10.6717],[78.9057,10.6805],[78.8939,10.6852],[78.894,10.694],[78.8822,10.6953],[78.875,10.7048],[78.8735,10.7056]]],[[[78.5694,10.7091],[78.5578,10.7027],[78.5698,10.6846],[78.5797,10.6936],[78.5745,10.709],[78.5694,10.7091]]]]}},{"type":"Feature","properties":{"district":"Ramanathapuram"},"geometry":{"type":"MultiPolygon","coordinates":[[[[79.1067,9.8508],[79.0901,9.8574],[79.0695,9.85],[79.0599,9.8585],[79.0452,9.8592],[79.0311,9.8932],[79.006,9.9143],[78.9911,9.944],[78.9639,9.9429],[78.9629,9.9239],[78.944,9.9168],[78.9368,9.9212],[78.9355,9.934],[78.9297,9.926],[78.916,9.9271],[78.9133,9.9193],[78.8932,9.9115],[78.9016,9.8944],[78.8921,9.879],[78.8768,9.8862],[78.8724,9.8766],[78.8803,9.8732],[78.8688,9.8534],[78.8724,9.8445],[78.8661,9.8313],[78.874,9.8247],[78.8642,9.8131],[78.8721,9.8029],[78.8665,9.7893],[78.8875,9.7864],[78.895,9.764],[78.8823,9.7446],[78.8553,9.7653],[78.8511,9.747],[78.8451,9.743],[78.8231,9.7498],[78.8166,9.7439],[78.8263,9.7318],[78.8153,9.7316],[78.8054,9.7595],[78.8217,9.7609],[78.8264,9.7694],[78.8204,9.7748],[78.8312,9.7808],[78.8283,9.7929],[78.8146,9.7798],[78.796,9.7949],[78.8001,9.7839],[78.7897,9.7817],[78.792,9.7755],[78.7804,9.7604],[78.7822,9.7954],[78.7742,9.7868],[78.7374,9.7805],[78.7443,9.7603],[78.7335,9.7584],[78.7328,9.749],[78.7429,9.7435],[78.7449,9.7076],[78.7552,9.7171],[78.7781,9.7196],[78.7943,9.7056],[78.7992,9.6963],[78.7919,9.6724],[78.7953,9.6662],[78.7855,9.6527],[78.7948,9.6374],[78.7878,9.6341],[78.8027,9.6211],[78.8075,9.6262],[78.8266,9.6179],[78.8213,9.5997],[78.7822,9.5959],[78.7739,9.5883],[78.7538,9.5933],[78.7467,9.5853],[78.701,9.5935],[78.6844,9.6056],[78.6789,9.5939],[78.6938,9.5768],[78.6838,9.563],[78.6542,9.5432],[78.6618,9.5361],[78.6556,9.5201],[78.6168,9.5362],[78.6168,9.5581],[78.5976,9.5609],[78.5871,9.5723],[78.5758,9.5761],[78.5714,9.5667],[78.5576,9.5748],[78.5201,9.5789],[78.4943,9.5998],[78.503,9.6109],[78.4771,9.6132],[78.4612,9.6364],[78.4549,9.6161],[78.4486,9.6189],[78.4391,9.6093],[78.4295,9.6088],[78.4118,9.5879],[78.3978,9.5952],[78.3939,9.5814],[78.3684,9.5705],[78.3753,9.566],[78.3724,9.5432],[78.3874,9.5361],[78.3823,9.5159],[78.3749,9.5074],[78.3473,9.5114],[78.3395,9.4959],[78.3285,9.4952],[78.327,9.4875],[78.3301,9.4728],[78.3469,9.4713],[78.3519,9.461],[78.3394,9.4685],[78.3313,9.469],[78.3304,9.4628],[78.311,9.4679],[78.3087,9.4605],[78.2994,9.4615],[78.3054,9.4475],[78.3012,9.4422],[78.2719,9.4485],[78.2186,9.4474],[78.215,9.4335],[78.221,9.4299],[78.2225,9.4101],[78.2432,9.4067],[78.243,9.3811],[78.2552,9.3736],[78.2632,9.3866],[78.2915,9.391],[78.295,9.3817],[78.2967,9.3866],[78.3042,9.3843],[78.3082,9.3748],[78.3012,9.3672],[78.3083,9.365],[78.3058,9.3503],[78.3105,9.3452],[78.2954,9.3426],[78.2978,9.326],[78.3048,9.3235],[78.3114,9.335],[78.3244,9.3324],[78.3331,9.3541],[78.353,9.3527],[78.3561,9.3579],[78.3649,9.3395],[78.3533,9.3086],[78.3461,9.3094],[78.3468,9.2979],[78.3286,9.2753],[78.312,9.2831],[78.281,9.2842],[78.2722,9.2563],[78.2694,9.2021],[78.2961,9.2051],[78.2908,9.1776],[78.2739,9.1415],[78.3564,9.1181],[78.3568,9.0986],[78.3654,9.1031],[78.3849,9.0947],[78.4153,9.1146],[78.4675,9.128],[78.5369,9.1385],[78.5782,9.131],[78.6054,9.148],[78.6576,9.1581],[78.6423,9.1698],[78.6493,9.1876],[78.6789,9.196],[78.7173,9.1895],[78.7165,9.2],[78.7326,9.2119],[78.8611,9.2554],[78.8957,9.2515],[78.9265,9.2677],[78.9794,9.2749],[79.0892,9.2615],[79.1887,9.2825],[79.2092,9.2824],[79.205,9.2735],[79.2185,9.2708],[79.2199,9.2573],[79.2574,9.2592],[79.3109,9.2415],[79.4182,9.176],[79.4355,9.1578],[79.4164,9.1871],[79.324,9.2636],[79.3147,9.2812],[79.335,9.3093],[79.3293,9.3201],[79.3099,9.3276],[79.2815,9.3127],[79.2659,9.2927],[79.2211,9.2913],[79.2112,9.2833],[79.0711,9.295],[79.0143,9.3314],[78.9805,9.3612],[78.9317,9.4142],[78.903,9.4625],[78.8984,9.4901],[78.9152,9.499],[78.9201,9.5592],[78.9348,9.6083],[78.9598,9.6309],[78.9593,9.6417],[78.964,9.6406],[78.971,9.6557],[78.9804,9.6896],[79.004,9.7181],[79.0032,9.7253],[79.0047,9.7187],[79.015,9.7315],[79.0132,9.7448],[79.0159,9.7323],[79.0262,9.7477],[79.0224,9.7528],[79.0269,9.7483],[79.0318,9.7548],[79.0299,9.7615],[79.0323,9.7553],[79.0412,9.7662],[79.0591,9.773],[79.077,9.7997],[79.0758,9.8122],[79.0785,9.8],[79.0939,9.8294],[79.085,9.8347],[79.0942,9.83],[79.0987,9.8338],[79.095,9.8382],[79.1048,9.8379],[79.0988,9.8433],[79.1087,9.8423],[79.1071,9.8503],[79.1067,9.8508]]],[[[78.4927,9.0864],[78.4955,9.0907],[78.4901,9.0935],[78.4872,9.0887],[78.4921,9.0864],[78.4927,9.0864]]],[[[78.5368,9.1019],[78.5387,9.1062],[78.5362,9.1018],[78.5368,9.1019]]],[[[78.5817,9.111],[78.5716,9.1007],[78.5878,9.1068],[78.5822,9.1108],[78.5817,9.111]]],[[[79.4739,9.1353],[79.4698,9.1394],[79.4737,9.135],[79.4739,9.1353]]],[[[78.6955,9.1506],[78.6961,9.1558],[78.6951,9.1505],[78.6955,9.1506]]],[[[78.8236,9.166],[78.817,9.1604],[78.8235,9.166],[78.8236,9.166]]],[[[78.9372,9.1824],[78.9429,9.188],[78.9329,9.1824],[78.9062,9.1852],[78.9003,9.1784],[78.9371,9.1824],[78.9372,9.1824]]],[[[79.0759,9.2023],[79.0689,9.2105],[79.0574,9.1967],[79.0665,9.2005],[79.0864,9.1917],[79.0902,9.1986],[79.0771,9.2022],[79.0759,9.2023]]],[[[79.1256,9.2174],[79.1341,9.216],[79.1256,9.2173],[79.1256,9.2174]]],[[[79.2005,9.2507],[79.1804,9.2496],[79.1798,9.2375],[79.1998,9.2304],[79.2038,9.2397],[79.2236,9.2472],[79.2179,9.2504],[79.2218,9.2476],[79.2023,9.2415],[79.2177,9.2504],[79.2013,9.2498],[79.2005,9.2507]]]]}},{"type":"Feature","properties":{"district":"Ranipet"},"geometry":{"type":"Polygon","coordinates":[[[79.7899,13.0246],[79.7861,13.0391],[79.7916,13.0537],[79.7791,13.0537],[79.7759,13.0628],[79.7621,13.0518],[79.7477,13.0496],[79.7372,13.061],[79.7186,13.0537],[79.7258,13.068],[79.7381,13.0655],[79.7416,13.076],[79.7363,13.0951],[79.7015,13.0994],[79.7022,13.1108],[79.7189,13.1049],[79.7241,13.1167],[79.7361,13.1179],[79.7365,13.1669],[79.6949,13.159],[79.6918,13.1772],[79.7008,13.1812],[79.7008,13.1916],[79.6701,13.1832],[79.6715,13.2038],[79.6612,13.2104],[79.654,13.2105],[79.6561,13.2055],[79.6481,13.1995],[79.6449,13.1791],[79.6301,13.1729],[79.6346,13.1476],[79.5892,13.1475],[79.5993,13.1317],[79.5944,13.122],[79.5709,13.1219],[79.5685,13.1375],[79.5326,13.1365],[79.5225,13.1392],[79.5226,13.1442],[79.5003,13.1361],[79.4827,13.1399],[79.4817,13.1282],[79.4742,13.1271],[79.4753,13.1077],[79.4645,13.1073],[79.4624,13.0954],[79.4509,13.0932],[79.4437,13.114],[79.4341,13.1115],[79.429,13.1165],[79.4517,13.1211],[79.4535,13.1265],[79.4386,13.1251],[79.4188,13.15],[79.4115,13.1367],[79.4133,13.1188],[79.4041,13.1153],[79.4016,13.1042],[79.4041,13.0998],[79.4203,13.1038],[79.4168,13.0846],[79.3795,13.0801],[79.3515,13.0625],[79.3349,13.0606],[79.3247,13.0777],[79.2987,13.0867],[79.2934,13.1014],[79.2725,13.087],[79.2945,13.0472],[79.2848,13.0377],[79.2781,13.0073],[79.266,12.9874],[79.2679,12.9401],[79.2518,12.9518],[79.2233,12.9564],[79.2167,12.955],[79.21,12.9385],[79.1881,12.926],[79.1913,12.9081],[79.2058,12.9049],[79.2109,12.8952],[79.1996,12.8891],[79.1955,12.8944],[79.1926,12.8883],[79.194,12.8752],[79.184,12.8607],[79.1782,12.82],[79.1908,12.8099],[79.1955,12.7925],[79.2087,12.7847],[79.2381,12.7976],[79.2402,12.8086],[79.2523,12.8081],[79.2503,12.8239],[79.2618,12.8187],[79.2617,12.7947],[79.2878,12.7791],[79.2836,12.7634],[79.2895,12.7529],[79.3434,12.7315],[79.3478,12.713],[79.3389,12.7012],[79.3451,12.6949],[79.3577,12.6968],[79.3556,12.7189],[79.3669,12.7142],[79.3655,12.7195],[79.3799,12.7262],[79.3798,12.7335],[79.3905,12.7262],[79.3955,12.7294],[79.3924,12.7139],[79.3801,12.7078],[79.3949,12.6898],[79.3534,12.6682],[79.3606,12.6671],[79.3624,12.6518],[79.3518,12.6464],[79.3829,12.6283],[79.4099,12.6561],[79.451,12.6712],[79.459,12.6869],[79.455,12.6991],[79.4655,12.7005],[79.4626,12.717],[79.4753,12.7314],[79.4534,12.7403],[79.4586,12.7536],[79.4675,12.7567],[79.4692,12.7708],[79.4598,12.7834],[79.4623,12.7985],[79.4765,12.7995],[79.4771,12.8071],[79.4574,12.8105],[79.457,12.8442],[79.4729,12.8513],[79.4726,12.8743],[79.5006,12.872],[79.5086,12.8572],[79.5392,12.8629],[79.5644,12.8558],[79.557,12.8849],[79.5641,12.886],[79.5683,12.8996],[79.6631,12.9304],[79.6589,12.9506],[79.701,12.9763],[79.7341,12.9868],[79.7487,13.0037],[79.7891,13.0237],[79.7899,13.0246]]]}},{"type":"Feature","properties":{"district":"Salem"},"geometry":{"type":"Polygon","coordinates":[[[78.6268,11.8692],[78.6085,11.8505],[78.5958,11.8228],[78.5394,11.8066],[78.5219,11.8153],[78.512,11.8115],[78.4554,11.8264],[78.4407,11.8397],[78.4351,11.8547],[78.4331,11.8622],[78.4415,11.8683],[78.4144,11.8801],[78.4031,11.8735],[78.3806,11.8257],[78.3283,11.776],[78.3129,11.7827],[78.3456,11.8242],[78.3508,11.8339],[78.348,11.8485],[78.3676,11.8806],[78.3657,11.8918],[78.3531,11.8942],[78.3589,11.9117],[78.3091,11.8812],[78.3264,11.8996],[78.3227,11.9052],[78.3315,11.9222],[78.3244,11.9301],[78.3023,11.9227],[78.2916,11.9145],[78.2927,11.9068],[78.2801,11.8996],[78.269,11.9003],[78.2908,11.9321],[78.275,11.9314],[78.2579,11.9124],[78.2728,11.9379],[78.257,11.9402],[78.2559,11.9332],[78.2358,11.918],[78.2533,11.9511],[78.2349,11.9793],[78.1449,11.9683],[78.1006,11.9558],[78.0737,11.9376],[78.039,11.9363],[78.0269,11.9205],[78.0113,11.9213],[77.9703,11.8956],[77.961,11.9009],[77.9485,11.8949],[77.9329,11.9013],[77.9051,11.9003],[77.8671,11.9157],[77.8501,11.9049],[77.8477,11.8943],[77.8074,11.9091],[77.7627,11.9099],[77.7367,11.9406],[77.6913,11.9418],[77.6771,11.9519],[77.6574,11.9498],[77.6535,11.9547],[77.6035,11.9377],[77.5611,11.9419],[77.538,11.9324],[77.4954,11.9441],[77.4906,11.9085],[77.4831,11.8996],[77.4862,11.8874],[77.4735,11.8992],[77.4616,11.9],[77.4605,11.8812],[77.4659,11.8742],[77.4599,11.8634],[77.4664,11.8463],[77.4498,11.796],[77.4338,11.7781],[77.4266,11.7533],[77.4154,11.7401],[77.4194,11.7288],[77.4351,11.7315],[77.4344,11.7153],[77.4432,11.7166],[77.4356,11.7028],[77.4397,11.6737],[77.454,11.6661],[77.4376,11.645],[77.445,11.6184],[77.4586,11.6066],[77.4497,11.5954],[77.4518,11.5806],[77.4447,11.5614],[77.4962,11.5518],[77.4933,11.5588],[77.5163,11.5793],[77.5123,11.5914],[77.5287,11.5863],[77.5373,11.6192],[77.5643,11.6609],[77.5767,11.6525],[77.5718,11.665],[77.5818,11.6759],[77.5784,11.6853],[77.589,11.685],[77.6107,11.6522],[77.6228,11.6649],[77.6184,11.6762],[77.6253,11.673],[77.625,11.6637],[77.6343,11.664],[77.6492,11.7048],[77.6587,11.7178],[77.6755,11.7253],[77.6727,11.7328],[77.6863,11.7425],[77.7057,11.7762],[77.7098,11.7976],[77.7145,11.7971],[77.7215,11.7914],[77.691,11.7185],[77.6951,11.7068],[77.6899,11.6948],[77.6982,11.6935],[77.6896,11.6637],[77.6955,11.6396],[77.7055,11.6344],[77.7163,11.6422],[77.715,11.6493],[77.7342,11.6579],[77.7456,11.6546],[77.7706,11.6971],[77.7765,11.6957],[77.7613,11.6482],[77.7359,11.6013],[77.7462,11.5706],[77.7241,11.5367],[77.7324,11.5117],[77.6976,11.4733],[77.6966,11.4644],[77.712,11.4638],[77.7087,11.4492],[77.7208,11.4531],[77.732,11.4447],[77.761,11.451],[77.7655,11.4777],[77.774,11.4825],[77.7849,11.4778],[77.7915,11.4656],[77.7843,11.4508],[77.8041,11.4484],[77.8058,11.4591],[77.8146,11.4583],[77.8158,11.4674],[77.8082,11.4688],[77.8298,11.4699],[77.8345,11.457],[77.82,11.4461],[77.8499,11.4346],[77.8472,11.4212],[77.852,11.4223],[77.8525,11.4151],[77.8646,11.4237],[77.865,11.4171],[77.8767,11.4136],[77.8801,11.4235],[77.9109,11.4222],[77.9157,11.4587],[77.9241,11.4515],[77.9233,11.461],[77.9411,11.4598],[77.9485,11.474],[77.9719,11.4682],[77.977,11.5014],[77.9718,11.5155],[77.9777,11.5306],[78.0041,11.525],[78.0347,11.5286],[78.0356,11.5222],[78.0463,11.5198],[78.0437,11.5151],[78.054,11.5134],[78.0551,11.5222],[78.0587,11.5157],[78.0709,11.528],[78.0703,11.5227],[78.0789,11.524],[78.0751,11.5322],[78.0831,11.5541],[78.0903,11.5454],[78.1101,11.5559],[78.1192,11.5391],[78.1322,11.5381],[78.1387,11.544],[78.1483,11.5375],[78.1606,11.5388],[78.1668,11.5487],[78.1768,11.5459],[78.2015,11.5531],[78.2074,11.5645],[78.2436,11.5527],[78.2662,11.5598],[78.2771,11.5658],[78.2643,11.567],[78.2719,11.5787],[78.3032,11.5888],[78.3193,11.5785],[78.3178,11.5733],[78.3103,11.5749],[78.3073,11.5646],[78.3295,11.5585],[78.3232,11.5426],[78.3101,11.5412],[78.3285,11.5313],[78.3452,11.5416],[78.3435,11.5465],[78.3745,11.5885],[78.3758,11.5773],[78.3829,11.5752],[78.3859,11.5865],[78.4516,11.5971],[78.4488,11.5655],[78.4606,11.5613],[78.4543,11.5423],[78.4665,11.5375],[78.4598,11.5344],[78.4616,11.5292],[78.4702,11.5293],[78.4734,11.52],[78.4618,11.4949],[78.4577,11.5024],[78.4329,11.4954],[78.436,11.4859],[78.4259,11.4709],[78.4377,11.4648],[78.4454,11.4397],[78.458,11.4388],[78.4486,11.4309],[78.4449,11.4031],[78.427,11.3849],[78.4474,11.4002],[78.4712,11.408],[78.4741,11.4043],[78.4898,11.4141],[78.4862,11.4074],[78.4963,11.4089],[78.5098,11.3968],[78.5035,11.3805],[78.5153,11.3845],[78.5235,11.3707],[78.5424,11.3695],[78.5534,11.3587],[78.5529,11.3201],[78.5753,11.3157],[78.5837,11.3298],[78.5931,11.3269],[78.6045,11.3388],[78.6219,11.3365],[78.6421,11.3428],[78.6632,11.3738],[78.6508,11.4075],[78.6513,11.4224],[78.6884,11.4355],[78.6886,11.4432],[78.7032,11.457],[78.7413,11.4496],[78.7725,11.4154],[78.7892,11.3865],[78.7929,11.3899],[78.7988,11.3842],[78.8014,11.4022],[78.8228,11.4271],[78.8193,11.4396],[78.7904,11.4572],[78.7962,11.4609],[78.7984,11.4819],[78.8097,11.4819],[78.8103,11.5079],[78.8339,11.5066],[78.843,11.523],[78.8345,11.5312],[78.8347,11.54],[78.8147,11.5447],[78.8162,11.5617],[78.8293,11.5782],[78.8176,11.5909],[78.7753,11.606],[78.7767,11.6134],[78.7864,11.6135],[78.7898,11.6289],[78.7863,11.6413],[78.7736,11.6366],[78.8065,11.6613],[78.8046,11.6882],[78.7806,11.7033],[78.7179,11.6832],[78.7096,11.6902],[78.6932,11.6893],[78.6779,11.6718],[78.683,11.6672],[78.6785,11.665],[78.6801,11.6436],[78.6591,11.6479],[78.66,11.6616],[78.6459,11.6604],[78.6527,11.7153],[78.6379,11.7212],[78.6432,11.7683],[78.6622,11.7799],[78.6653,11.7967],[78.6922,11.8039],[78.6952,11.8512],[78.6269,11.8688],[78.6268,11.8692]],[[77.5321,11.8485],[77.5447,11.8371],[77.5495,11.8084],[77.5419,11.8015],[77.5735,11.8012],[77.5719,11.7855],[77.6171,11.7857],[77.6354,11.7539],[77.627,11.727],[77.6141,11.7655],[77.5907,11.7733],[77.5852,11.758],[77.596,11.7498],[77.5716,11.7114],[77.5571,11.7665],[77.5399,11.7524],[77.5477,11.7444],[77.5388,11.7393],[77.5284,11.7513],[77.5098,11.7533],[77.4764,11.7138],[77.472,11.7181],[77.4717,11.694],[77.4574,11.678],[77.45,11.6969],[77.4646,11.7422],[77.4804,11.7392],[77.5307,11.7784],[77.5303,11.8479],[77.5321,11.8485]],[[77.5571,11.8204],[77.5515,11.8161],[77.5556,11.8221],[77.5571,11.8204]],[[77.5583,11.6627],[77.5529,11.6663],[77.5604,11.6658],[77.5583,11.6627]]]}},{"type":"Feature","properties":{"district":"Sivaganga"},"geometry":{"type":"Polygon","coordinates":[[[78.5056,10.3759],[78.5077,10.389],[78.492,10.388],[78.4904,10.3958],[78.4475,10.409],[78.4402,10.4006],[78.4386,10.3837],[78.4489,10.3749],[78.4366,10.3627],[78.4148,10.3631],[78.3922,10.3543],[78.4043,10.3436],[78.392,10.3178],[78.3787,10.3101],[78.3906,10.3022],[78.3857,10.2893],[78.3813,10.2939],[78.3867,10.2703],[78.4062,10.2757],[78.4242,10.2707],[78.4251,10.2586],[78.4106,10.2571],[78.3924,10.2416],[78.3977,10.2261],[78.4079,10.2232],[78.4125,10.2131],[78.3946,10.1741],[78.3988,10.1657],[78.413,10.1607],[78.4017,10.1386],[78.4253,10.1333],[78.4259,10.122],[78.4327,10.1351],[78.4516,10.119],[78.4581,10.1245],[78.4736,10.1219],[78.4707,10.1103],[78.4564,10.0992],[78.4619,10.0716],[78.4542,10.0702],[78.4529,10.0589],[78.4374,10.0611],[78.4277,10.053],[78.4307,10.036],[78.4435,10.0343],[78.4445,10.0244],[78.4561,10.0181],[78.4565,9.9921],[78.4477,9.9862],[78.4566,9.9685],[78.3889,9.9522],[78.372,9.9623],[78.3703,9.9346],[78.3453,9.94],[78.3171,9.9262],[78.3096,9.8653],[78.2945,9.8614],[78.2873,9.8702],[78.2503,9.8737],[78.267,9.8562],[78.2584,9.8342],[78.2392,9.8453],[78.2487,9.8602],[78.229,9.8649],[78.2252,9.861],[78.2087,9.8755],[78.181,9.8678],[78.1513,9.8747],[78.1508,9.8522],[78.125,9.8546],[78.1324,9.8332],[78.1278,9.8141],[78.1423,9.8123],[78.153,9.8217],[78.1517,9.8277],[78.1691,9.8309],[78.1934,9.8066],[78.1754,9.7721],[78.1599,9.7746],[78.1723,9.797],[78.1409,9.8092],[78.1455,9.7892],[78.1339,9.7481],[78.1461,9.7429],[78.1474,9.75],[78.163,9.7575],[78.1636,9.7498],[78.1722,9.7481],[78.1733,9.7602],[78.183,9.7568],[78.1965,9.7676],[78.2043,9.7636],[78.2102,9.7825],[78.2378,9.7574],[78.2769,9.7406],[78.2801,9.7299],[78.2719,9.7291],[78.2779,9.6961],[78.2712,9.6918],[78.2917,9.6746],[78.3023,9.679],[78.2955,9.6935],[78.3248,9.7427],[78.3282,9.7256],[78.321,9.7072],[78.327,9.6935],[78.3428,9.6809],[78.336,9.6684],[78.3393,9.6581],[78.3446,9.657],[78.3497,9.666],[78.3561,9.6515],[78.3762,9.6571],[78.3897,9.6529],[78.3939,9.6459],[78.3897,9.6314],[78.4,9.6119],[78.409,9.6196],[78.4165,9.6089],[78.4234,9.6082],[78.4262,9.6172],[78.4295,9.6088],[78.4391,9.6093],[78.4402,9.6153],[78.4557,9.6169],[78.4615,9.6364],[78.4771,9.6132],[78.503,9.6109],[78.4943,9.5998],[78.5201,9.5789],[78.5576,9.5748],[78.5714,9.5667],[78.5758,9.5761],[78.5871,9.5723],[78.5976,9.5609],[78.6168,9.5581],[78.6168,9.5362],[78.6556,9.5201],[78.6618,9.5361],[78.6542,9.5432],[78.6838,9.563],[78.6938,9.5768],[78.6789,9.5939],[78.6844,9.6056],[78.701,9.5935],[78.7467,9.5853],[78.7538,9.5933],[78.7739,9.5883],[78.7822,9.5959],[78.8213,9.5997],[78.8266,9.6179],[78.8075,9.6262],[78.8027,9.6211],[78.7878,9.6341],[78.7948,9.6374],[78.7855,9.6527],[78.7953,9.6662],[78.7919,9.6724],[78.7992,9.6963],[78.7943,9.7056],[78.7781,9.7196],[78.7552,9.7171],[78.7449,9.7076],[78.7429,9.7435],[78.7328,9.749],[78.7335,9.7584],[78.7443,9.7603],[78.7374,9.7805],[78.7742,9.7868],[78.7822,9.7954],[78.7804,9.7604],[78.792,9.7755],[78.7897,9.7817],[78.8001,9.7839],[78.796,9.7949],[78.8146,9.7798],[78.8283,9.7929],[78.8312,9.7808],[78.8204,9.7748],[78.8264,9.7694],[78.8217,9.7609],[78.8054,9.7595],[78.8153,9.7316],[78.8263,9.7318],[78.8166,9.7439],[78.8231,9.7498],[78.8451,9.743],[78.8511,9.747],[78.8553,9.7653],[78.8817,9.7447],[78.886,9.748],[78.895,9.764],[78.8929,9.774],[78.8875,9.7864],[78.8665,9.7893],[78.8721,9.8029],[78.8641,9.8116],[78.874,9.8247],[78.8661,9.8341],[78.8724,9.8445],[78.8688,9.8534],[78.8803,9.8729],[78.8725,9.8755],[78.874,9.8834],[78.8921,9.879],[78.9016,9.8944],[78.8932,9.9115],[78.9133,9.9193],[78.916,9.9271],[78.9297,9.926],[78.9355,9.934],[78.9368,9.9212],[78.944,9.9168],[78.9629,9.9239],[78.9639,9.9429],[78.9897,9.9401],[78.9887,9.9515],[79.0033,9.9562],[78.9964,9.966],[79.0029,9.9788],[79.0139,9.9809],[79.0097,9.9902],[79.0031,9.9872],[78.9938,9.9959],[78.974,9.9915],[78.9748,9.9996],[78.9649,10.0075],[78.9414,10.013],[78.9302,10.0218],[78.932,10.0374],[78.9236,10.0427],[78.9381,10.0575],[78.9437,10.0556],[78.9342,10.0719],[78.9459,10.0789],[78.9498,10.0895],[78.963,10.0948],[78.977,10.0812],[78.987,10.0894],[78.9667,10.1276],[78.9479,10.1056],[78.9135,10.1278],[78.9135,10.1446],[78.9001,10.1567],[78.8965,10.1473],[78.8819,10.1545],[78.8623,10.1264],[78.8479,10.1261],[78.8484,10.1375],[78.8331,10.1392],[78.8295,10.1545],[78.8136,10.1666],[78.8232,10.1981],[78.8099,10.213],[78.7689,10.1991],[78.7672,10.1634],[78.7471,10.1643],[78.7373,10.1586],[78.7277,10.1614],[78.7266,10.1698],[78.7085,10.1756],[78.6911,10.1475],[78.6772,10.1474],[78.668,10.1543],[78.6704,10.176],[78.6642,10.179],[78.6732,10.2047],[78.652,10.2196],[78.6472,10.2258],[78.6506,10.2366],[78.6414,10.241],[78.6517,10.2543],[78.6362,10.2692],[78.6116,10.2704],[78.5779,10.2872],[78.5695,10.2811],[78.5768,10.2663],[78.5706,10.2568],[78.5551,10.2548],[78.5535,10.2495],[78.5385,10.2577],[78.5276,10.2385],[78.5189,10.2366],[78.5162,10.1905],[78.4846,10.1923],[78.4695,10.2043],[78.4727,10.2199],[78.487,10.232],[78.4789,10.2428],[78.4856,10.2524],[78.4646,10.2404],[78.4478,10.2454],[78.4529,10.2672],[78.4726,10.2699],[78.4923,10.2632],[78.5145,10.2676],[78.5154,10.3091],[78.5214,10.3263],[78.5095,10.347],[78.4977,10.3521],[78.5056,10.3759],[78.5056,10.3759]]]}},{"type":"Feature","properties":{"district":"Tenkasi"},"geometry":{"type":"Polygon","coordinates":[[[77.3394,9.4201],[77.3364,9.4119],[77.3436,9.4008],[77.3253,9.3371],[77.3,9.3367],[77.2995,9.3109],[77.283,9.3013],[77.2885,9.2742],[77.2818,9.2723],[77.2825,9.256],[77.2741,9.2358],[77.2817,9.2166],[77.2703,9.2006],[77.2561,9.1992],[77.2515,9.1891],[77.2652,9.1813],[77.2668,9.1525],[77.2473,9.1246],[77.2284,9.1169],[77.2265,9.1082],[77.2124,9.1005],[77.1975,9.047],[77.1675,9.0453],[77.1611,9.0294],[77.1466,9.0218],[77.1617,8.995],[77.1736,8.9912],[77.1782,8.9691],[77.1856,8.9702],[77.1963,8.9546],[77.1928,8.9262],[77.2182,8.9187],[77.2212,8.9039],[77.2385,8.8977],[77.239,8.8843],[77.2733,8.8761],[77.2949,8.8824],[77.3131,8.8725],[77.3314,8.8756],[77.3417,8.868],[77.3865,8.8714],[77.3844,8.8483],[77.4045,8.8421],[77.4068,8.8334],[77.4009,8.8281],[77.415,8.8256],[77.4204,8.7872],[77.4501,8.7639],[77.4615,8.7729],[77.4559,8.7863],[77.4628,8.7901],[77.4628,8.8139],[77.4867,8.806],[77.4902,8.7969],[77.499,8.8013],[77.5064,8.7951],[77.511,8.8088],[77.52,8.8012],[77.5135,8.792],[77.5201,8.7818],[77.5377,8.79],[77.5538,8.7853],[77.5694,8.7897],[77.57,8.8114],[77.5853,8.8266],[77.5943,8.8681],[77.5899,8.8754],[77.5773,8.8732],[77.5725,8.8819],[77.5638,8.8779],[77.5708,8.9052],[77.5609,8.9101],[77.5929,8.9107],[77.5932,8.9447],[77.6141,8.9424],[77.6183,8.9341],[77.6217,8.9492],[77.6297,8.9469],[77.6345,8.9552],[77.6547,8.9565],[77.6569,8.9343],[77.6948,8.9188],[77.6913,8.955],[77.681,8.9641],[77.676,8.9893],[77.6906,8.9939],[77.703,8.9689],[77.7199,8.9666],[77.7217,8.9788],[77.7292,8.9831],[77.7268,8.9967],[77.722,9.0025],[77.6891,8.9997],[77.6883,9.0147],[77.6967,9.0203],[77.694,9.032],[77.7136,9.0456],[77.7017,9.063],[77.7042,9.0734],[77.7392,9.073],[77.7449,9.0799],[77.74,9.1068],[77.6933,9.1013],[77.6799,9.1058],[77.6741,9.1381],[77.6965,9.1339],[77.7005,9.1402],[77.6901,9.1589],[77.7046,9.1656],[77.7058,9.1884],[77.7273,9.1899],[77.7345,9.1963],[77.7329,9.2199],[77.7423,9.2194],[77.7447,9.2256],[77.7377,9.2597],[77.7415,9.275],[77.7392,9.2805],[77.7219,9.2801],[77.7121,9.2914],[77.6551,9.2835],[77.6414,9.2926],[77.6034,9.3012],[77.6042,9.307],[77.5856,9.3086],[77.591,9.3154],[77.5896,9.3476],[77.573,9.343],[77.5749,9.3541],[77.5604,9.3535],[77.5498,9.3632],[77.5547,9.3703],[77.5331,9.3761],[77.5293,9.3603],[77.5191,9.3567],[77.5276,9.3489],[77.5221,9.335],[77.5066,9.3319],[77.4747,9.3407],[77.4715,9.3284],[77.4648,9.3291],[77.4591,9.3363],[77.468,9.3467],[77.4414,9.3543],[77.4385,9.3681],[77.4505,9.3699],[77.434,9.3909],[77.4197,9.3993],[77.3891,9.3922],[77.3399,9.4199],[77.3394,9.4201]]]}},{"type":"Feature","properties":{"district":"Thanjavur"},"geometry":{"type":"MultiPolygon","coordinates":[[[[79.5159,10.9698],[79.5145,10.9809],[79.5086,10.983],[79.5121,10.9882],[79.5254,10.9895],[79.523,10.9972],[79.5473,11.0007],[79.5422,11.0084],[79.5231,11.0088],[79.5246,11.0162],[79.5322,11.014],[79.5301,11.0268],[79.5118,11.0275],[79.5109,11.0421],[79.5311,11.0569],[79.5367,11.0704],[79.5526,11.0778],[79.5498,11.0852],[79.5411,11.0847],[79.5471,11.1047],[79.5417,11.1047],[79.5415,11.0953],[79.5361,11.1029],[79.5436,11.1166],[79.5501,11.1147],[79.551,11.1302],[79.5613,11.1318],[79.5728,11.148],[79.5578,11.1544],[79.5569,11.1629],[79.5395,11.1626],[79.5378,11.1806],[79.5308,11.1778],[79.5267,11.1837],[79.4996,11.1755],[79.4587,11.1506],[79.4311,11.1215],[79.4227,11.0975],[79.3989,11.0669],[79.358,11.0492],[79.3118,11.0176],[79.291,11.0144],[79.2689,10.9864],[79.213,10.9413],[79.2049,10.9402],[79.2029,10.949],[79.1786,10.9397],[79.1413,10.9403],[79.1099,10.925],[79.0852,10.927],[79.05,10.8883],[78.9991,10.8948],[78.9663,10.8872],[78.9602,10.8946],[78.9397,10.8877],[78.9406,10.8785],[78.9234,10.8661],[78.8492,10.8418],[78.7765,10.8331],[78.7758,10.827],[78.7971,10.8239],[78.8688,10.8256],[78.8605,10.8032],[78.8672,10.7849],[78.8803,10.7885],[78.881,10.7775],[78.8684,10.7607],[78.8652,10.7208],[78.8822,10.6953],[78.8938,10.6942],[78.8939,10.6852],[78.9057,10.6805],[78.9082,10.6717],[78.9185,10.6708],[78.9267,10.6801],[78.9398,10.6826],[78.9487,10.6754],[78.9376,10.6751],[78.9548,10.6682],[78.9639,10.6515],[78.9712,10.6622],[78.9697,10.6754],[78.9871,10.6792],[78.9833,10.6966],[78.9914,10.7056],[78.9935,10.7217],[79.0035,10.7223],[79.0098,10.7195],[79.0105,10.7079],[79.0292,10.704],[79.0211,10.6989],[79.0167,10.6801],[79.0689,10.6774],[79.0655,10.6491],[79.07,10.6407],[79.1008,10.6296],[79.1043,10.6152],[79.1192,10.6348],[79.1276,10.6362],[79.1434,10.6084],[79.1428,10.5864],[79.1774,10.5869],[79.1788,10.5713],[79.1908,10.5782],[79.1906,10.5595],[79.1788,10.5505],[79.1846,10.5377],[79.1679,10.5301],[79.1517,10.5325],[79.1491,10.5236],[79.1549,10.5218],[79.1405,10.5123],[79.1392,10.4982],[79.1288,10.4954],[79.1299,10.4879],[79.1473,10.4859],[79.1518,10.4758],[79.1601,10.4735],[79.1709,10.4817],[79.1724,10.4743],[79.1768,10.4776],[79.1947,10.4659],[79.1907,10.4596],[79.1665,10.4554],[79.1761,10.448],[79.1404,10.4495],[79.1435,10.4457],[79.1375,10.4399],[79.1258,10.4379],[79.1527,10.4007],[79.1442,10.3829],[79.153,10.3501],[79.1208,10.3374],[79.1144,10.3282],[79.1253,10.3281],[79.1349,10.319],[79.1329,10.3091],[79.1216,10.3057],[79.1264,10.3012],[79.1186,10.2888],[79.1279,10.2819],[79.1326,10.2651],[79.1291,10.2536],[79.1176,10.2534],[79.116,10.2339],[79.1336,10.2304],[79.1442,10.2363],[79.1506,10.2162],[79.1838,10.2136],[79.1893,10.201],[79.1825,10.1933],[79.1737,10.2034],[79.1502,10.1939],[79.1504,10.1853],[79.1615,10.1799],[79.1515,10.1594],[79.1963,10.1609],[79.2092,10.1473],[79.2065,10.1368],[79.226,10.1371],[79.2275,10.1514],[79.2391,10.1608],[79.2361,10.1716],[79.2415,10.1849],[79.2651,10.1974],[79.2787,10.2155],[79.2773,10.2233],[79.267,10.2289],[79.269,10.2342],[79.2985,10.2633],[79.3293,10.2844],[79.3603,10.2912],[79.3881,10.3175],[79.4988,10.3148],[79.4988,10.3489],[79.5053,10.3587],[79.5037,10.368],[79.4923,10.3698],[79.4857,10.3806],[79.4755,10.372],[79.4676,10.3731],[79.47,10.3831],[79.4606,10.3891],[79.4772,10.3935],[79.476,10.4001],[79.4738,10.4065],[79.4616,10.4066],[79.4651,10.416],[79.4511,10.4297],[79.473,10.4353],[79.4761,10.4497],[79.4697,10.4618],[79.4793,10.4635],[79.4831,10.4896],[79.4765,10.4934],[79.4554,10.4886],[79.4692,10.5114],[79.4232,10.5354],[79.4285,10.5457],[79.4521,10.551],[79.4525,10.5595],[79.4259,10.5579],[79.4207,10.5491],[79.405,10.5521],[79.3985,10.5589],[79.4016,10.5725],[79.3966,10.5802],[79.3519,10.5831],[79.3467,10.5956],[79.3542,10.6108],[79.3481,10.6269],[79.3574,10.6459],[79.3429,10.6584],[79.3179,10.6608],[79.3201,10.6849],[79.3069,10.7102],[79.3016,10.7395],[79.312,10.7468],[79.3204,10.7373],[79.3415,10.7395],[79.3501,10.7502],[79.3611,10.7522],[79.3614,10.7651],[79.3454,10.7662],[79.3485,10.7957],[79.3702,10.7963],[79.3766,10.804],[79.3435,10.8127],[79.3264,10.8104],[79.3258,10.8174],[79.3061,10.8239],[79.2985,10.8357],[79.2894,10.833],[79.2953,10.8642],[79.2886,10.8715],[79.2736,10.8729],[79.2682,10.9053],[79.2957,10.9035],[79.2953,10.9081],[79.2867,10.9072],[79.2871,10.9177],[79.2753,10.9263],[79.285,10.93],[79.287,10.9374],[79.301,10.9358],[79.3094,10.928],[79.328,10.925],[79.3289,10.9163],[79.3481,10.9107],[79.3702,10.8945],[79.4051,10.8931],[79.4582,10.8632],[79.472,10.8723],[79.4857,10.8692],[79.4883,10.8894],[79.5072,10.896],[79.5068,10.9041],[79.4933,10.9053],[79.4935,10.9164],[79.4843,10.9209],[79.4987,10.9318],[79.5012,10.9417],[79.5189,10.9466],[79.5152,10.9684],[79.5159,10.9698]]]]}},{"type":"Feature","properties":{"district":"Theni"},"geometry":{"type":"Polygon","coordinates":[[[77.7126,10.0259],[77.7063,10.0382],[77.7126,10.0479],[77.7089,10.0802],[77.6969,10.0867],[77.7025,10.1027],[77.6686,10.1224],[77.6755,10.1266],[77.6764,10.1446],[77.6921,10.1454],[77.7079,10.1289],[77.7295,10.1314],[77.7239,10.1462],[77.7293,10.1591],[77.7122,10.17],[77.7013,10.1952],[77.71,10.2063],[77.7065,10.2159],[77.6932,10.1969],[77.6815,10.2015],[77.6644,10.1888],[77.6453,10.2045],[77.632,10.2063],[77.6222,10.2187],[77.5958,10.2058],[77.603,10.2],[77.5983,10.1943],[77.5919,10.1913],[77.589,10.1968],[77.5697,10.1813],[77.5668,10.1954],[77.5482,10.204],[77.5513,10.1918],[77.5445,10.1925],[77.5462,10.1828],[77.5381,10.1877],[77.5368,10.1796],[77.5232,10.1761],[77.5276,10.1739],[77.5118,10.1609],[77.5,10.161],[77.4878,10.1477],[77.4826,10.1539],[77.4807,10.147],[77.468,10.1423],[77.4656,10.1288],[77.4521,10.1361],[77.4276,10.1361],[77.4114,10.145],[77.4087,10.1584],[77.3954,10.1628],[77.3718,10.1392],[77.3603,10.151],[77.3415,10.136],[77.3293,10.1427],[77.3237,10.1276],[77.3025,10.136],[77.2841,10.1254],[77.283,10.1178],[77.2382,10.1301],[77.2304,10.1205],[77.2079,10.1177],[77.203,10.1102],[77.2036,10.0883],[77.2314,10.0663],[77.2619,10.0297],[77.2532,10.0128],[77.2661,10.0019],[77.2609,9.9927],[77.2668,9.9903],[77.2729,9.9642],[77.261,9.9525],[77.2465,9.9514],[77.2301,9.9125],[77.2183,9.9043],[77.2207,9.8845],[77.2125,9.8769],[77.2213,9.8631],[77.2363,9.8596],[77.2372,9.8514],[77.2229,9.8449],[77.2275,9.8381],[77.2218,9.8225],[77.2412,9.8156],[77.2467,9.7979],[77.2227,9.7878],[77.2324,9.7686],[77.2202,9.745],[77.2239,9.7304],[77.2036,9.7221],[77.2067,9.6947],[77.1811,9.6592],[77.1763,9.6295],[77.1659,9.6129],[77.1887,9.6061],[77.1982,9.6144],[77.209,9.6134],[77.2098,9.605],[77.2343,9.5815],[77.2531,9.583],[77.2697,9.5728],[77.3038,9.5987],[77.3178,9.6025],[77.3299,9.599],[77.3254,9.58],[77.3395,9.5733],[77.3546,9.6041],[77.3611,9.6023],[77.3661,9.596],[77.3575,9.5944],[77.3599,9.5774],[77.3503,9.5671],[77.3651,9.5527],[77.3656,9.535],[77.3852,9.5192],[77.4025,9.5251],[77.4279,9.5465],[77.4559,9.5416],[77.4773,9.5522],[77.4736,9.5716],[77.4643,9.5798],[77.5063,9.6385],[77.5036,9.6502],[77.5232,9.6603],[77.5353,9.675],[77.5663,9.7478],[77.5986,9.7766],[77.6121,9.7991],[77.6256,9.835],[77.617,9.8404],[77.62,9.8622],[77.6448,9.8883],[77.6541,9.9186],[77.6686,9.9143],[77.679,9.9328],[77.6732,9.9618],[77.6919,9.9681],[77.6979,10.0173],[77.7015,10.014],[77.7124,10.0255],[77.7126,10.0259]]]}},{"type":"Feature","properties":{"district":"Thiruvallur"},"geometry":{"type":"MultiPolygon","coordinates":[[[[80.3319,13.2354],[80.3451,13.2786],[80.3465,13.3133],[80.326,13.4417],[80.3007,13.4782],[80.2687,13.5646],[80.2418,13.4706],[80.2146,13.4903],[80.21,13.4863],[80.1451,13.4914],[80.1392,13.5043],[80.1128,13.5059],[80.1082,13.4889],[80.1052,13.4934],[80.1031,13.4869],[80.0782,13.4888],[80.0771,13.5268],[80.0886,13.5354],[80.0813,13.5498],[80.0628,13.5454],[80.0569,13.5366],[80.0284,13.5388],[80.0239,13.546],[80.0134,13.5472],[79.9986,13.5427],[80.0005,13.5257],[80.0177,13.5296],[80.0272,13.5137],[80.0355,13.5183],[80.048,13.5125],[80.0466,13.4937],[80.0159,13.498],[80.0075,13.4786],[79.9841,13.4796],[79.9824,13.4705],[79.9724,13.4691],[79.9733,13.4297],[79.9567,13.4222],[79.9396,13.425],[79.9418,13.4167],[79.9346,13.4165],[79.9457,13.4077],[79.9444,13.3969],[79.9628,13.3914],[79.958,13.3792],[79.945,13.3818],[79.9495,13.3755],[79.938,13.3555],[79.9313,13.3515],[79.916,13.3599],[79.9149,13.3481],[79.8835,13.3329],[79.8829,13.3233],[79.8681,13.3311],[79.8628,13.3169],[79.8089,13.3173],[79.7917,13.2935],[79.7608,13.3185],[79.7567,13.2953],[79.7337,13.2888],[79.735,13.2759],[79.7947,13.2421],[79.7945,13.2263],[79.7848,13.2279],[79.7755,13.2153],[79.7643,13.2191],[79.755,13.2065],[79.7373,13.2365],[79.7303,13.2325],[79.7314,13.2224],[79.7216,13.2235],[79.7184,13.2165],[79.7027,13.2224],[79.7061,13.2342],[79.7141,13.2357],[79.7125,13.2447],[79.701,13.253],[79.6931,13.2433],[79.6959,13.2386],[79.6843,13.2444],[79.6783,13.2617],[79.6877,13.2667],[79.6911,13.261],[79.6957,13.2673],[79.6888,13.2709],[79.6939,13.2798],[79.6813,13.288],[79.6783,13.2974],[79.6742,13.2818],[79.6654,13.2787],[79.6639,13.2898],[79.6578,13.2838],[79.6518,13.2918],[79.6425,13.2901],[79.6413,13.2756],[79.6383,13.2874],[79.6316,13.2697],[79.6141,13.2827],[79.6061,13.2795],[79.6087,13.2875],[79.5961,13.2849],[79.591,13.261],[79.574,13.259],[79.5584,13.2727],[79.5345,13.2756],[79.5412,13.2924],[79.5349,13.3014],[79.5441,13.3168],[79.5373,13.3386],[79.5259,13.3444],[79.5111,13.342],[79.5101,13.3342],[79.4974,13.332],[79.4997,13.3478],[79.4563,13.3386],[79.4354,13.3517],[79.4317,13.3367],[79.4147,13.33],[79.4054,13.335],[79.3984,13.3302],[79.402,13.3174],[79.3878,13.318],[79.3819,13.3075],[79.3887,13.3098],[79.3898,13.2974],[79.4158,13.2996],[79.42,13.2895],[79.4305,13.3002],[79.4452,13.3017],[79.4463,13.2916],[79.4358,13.2913],[79.4337,13.275],[79.4085,13.2639],[79.4226,13.2513],[79.4185,13.243],[79.4377,13.2429],[79.4315,13.2361],[79.4398,13.2359],[79.4309,13.2298],[79.4533,13.2385],[79.4538,13.2169],[79.4374,13.2196],[79.4362,13.2127],[79.4439,13.2078],[79.4324,13.197],[79.4384,13.1882],[79.4092,13.194],[79.3991,13.1878],[79.392,13.1924],[79.374,13.1893],[79.3877,13.1775],[79.3727,13.1788],[79.3695,13.1729],[79.3792,13.1715],[79.38,13.1629],[79.3561,13.1646],[79.3655,13.1339],[79.3581,13.1217],[79.3451,13.1213],[79.3413,13.1368],[79.3396,13.1305],[79.3187,13.1235],[79.3242,13.1185],[79.3119,13.1166],[79.319,13.1133],[79.3072,13.1055],[79.2943,13.1096],[79.3125,13.1261],[79.284,13.1228],[79.2987,13.0867],[79.3247,13.0777],[79.3349,13.0606],[79.3515,13.0625],[79.3795,13.0801],[79.4168,13.0846],[79.4203,13.1038],[79.4041,13.0998],[79.4016,13.1042],[79.4041,13.1153],[79.4133,13.1188],[79.4115,13.1367],[79.4188,13.15],[79.4386,13.1251],[79.4535,13.1265],[79.4517,13.1211],[79.429,13.1165],[79.4341,13.1115],[79.4437,13.114],[79.4509,13.0932],[79.4624,13.0954],[79.4645,13.1073],[79.4753,13.1077],[79.4742,13.1271],[79.4817,13.1282],[79.4827,13.1399],[79.5003,13.1361],[79.5226,13.1442],[79.5225,13.1392],[79.5326,13.1365],[79.5685,13.1375],[79.5709,13.1219],[79.5944,13.122],[79.5993,13.1317],[79.5892,13.1475],[79.6346,13.1476],[79.6301,13.1729],[79.6449,13.1791],[79.6481,13.1995],[79.6561,13.2055],[79.654,13.2105],[79.6612,13.2104],[79.6715,13.2038],[79.6701,13.1832],[79.7008,13.1916],[79.7008,13.1812],[79.6918,13.1772],[79.6949,13.159],[79.7365,13.1669],[79.7361,13.1179],[79.7241,13.1167],[79.7189,13.1049],[79.7022,13.1108],[79.7015,13.0994],[79.7363,13.0951],[79.7416,13.076],[79.7381,13.0655],[79.7258,13.068],[79.7186,13.0537],[79.7372,13.061],[79.7477,13.0496],[79.7621,13.0518],[79.7759,13.0628],[79.7791,13.0537],[79.7888,13.0566],[79.787,13.0289],[79.7967,13.0277],[79.8011,13.0149],[79.8266,13.0304],[79.8245,13.0114],[79.8305,12.997],[79.813,12.9903],[79.82,12.9879],[79.8212,12.962],[79.8319,12.9639],[79.8324,12.9582],[79.8482,12.9564],[79.8526,12.9484],[79.8904,12.9451],[79.8962,12.959],[79.9102,12.9659],[79.914,12.9789],[79.8892,12.9937],[79.9084,13.0042],[79.9286,12.9901],[79.9423,13.0013],[79.9418,13.0086],[79.9201,13.0143],[79.92,13.0195],[79.9004,13.017],[79.9007,13.0495],[79.9178,13.0476],[79.9182,13.035],[79.949,13.0327],[79.9688,13.0375],[79.9699,13.049],[79.9865,13.0562],[79.9909,13.0516],[79.9789,13.0492],[79.9742,13.0389],[79.9819,13.0317],[79.9885,13.0314],[79.9946,13.0467],[80.0238,13.0404],[80.0225,13.0239],[80.0427,13.019],[80.042,13.0297],[80.0524,13.0228],[80.0711,13.0374],[80.08,13.0161],[80.0818,13.041],[80.0995,13.0349],[80.1087,13.0418],[80.1279,13.0342],[80.1294,13.0451],[80.1463,13.054],[80.1485,13.0644],[80.1541,13.0629],[80.1493,13.0534],[80.1534,13.0495],[80.1457,13.0399],[80.158,13.0413],[80.1614,13.0811],[80.1461,13.0882],[80.1404,13.0986],[80.1458,13.1394],[80.1771,13.1396],[80.176,13.1473],[80.1946,13.154],[80.1908,13.1687],[80.1996,13.1812],[80.2159,13.1723],[80.224,13.1843],[80.2228,13.1998],[80.2345,13.1963],[80.2359,13.2039],[80.2489,13.1986],[80.25,13.2061],[80.2704,13.2033],[80.2753,13.2293],[80.2828,13.2299],[80.2847,13.2199],[80.3033,13.2128],[80.3177,13.2296],[80.3314,13.2354],[80.3319,13.2354]]]]}},{"type":"Feature","properties":{"district":"Thoothukkudi"},"geometry":{"type":"MultiPolygon","coordinates":[[[[78.281,9.2842],[78.2763,9.2915],[78.2158,9.3015],[78.2088,9.3272],[78.1713,9.3423],[78.1684,9.3689],[78.1489,9.372],[78.0803,9.3578],[78.057,9.3625],[78.05,9.3451],[78.034,9.3337],[78.0498,9.3066],[78.0106,9.3083],[78.0084,9.2738],[77.9877,9.2682],[77.9839,9.2515],[77.9568,9.2486],[77.9561,9.2306],[77.9478,9.2306],[77.9448,9.22],[77.9321,9.2229],[77.9161,9.2008],[77.8782,9.2079],[77.8749,9.2264],[77.8864,9.2326],[77.8811,9.234],[77.8802,9.2452],[77.8075,9.2452],[77.8067,9.2523],[77.7964,9.2562],[77.7967,9.273],[77.7735,9.2764],[77.7742,9.2693],[77.7879,9.2627],[77.7897,9.2515],[77.7831,9.2493],[77.78,9.2377],[77.7703,9.2359],[77.7585,9.2666],[77.7385,9.2639],[77.7448,9.226],[77.7423,9.2194],[77.7329,9.2199],[77.7345,9.1963],[77.7273,9.1899],[77.7058,9.1884],[77.7046,9.1656],[77.6901,9.1589],[77.7005,9.1402],[77.6965,9.1339],[77.6741,9.1381],[77.6799,9.1058],[77.6933,9.1013],[77.74,9.1068],[77.7449,9.0799],[77.7392,9.073],[77.7042,9.0734],[77.7017,9.063],[77.7136,9.0456],[77.694,9.032],[77.6967,9.0203],[77.6883,9.0147],[77.6891,8.9997],[77.722,9.0025],[77.7268,8.9967],[77.7292,8.9831],[77.7217,8.9788],[77.7199,8.9666],[77.703,8.9689],[77.6906,8.9939],[77.676,8.9893],[77.681,8.9641],[77.6913,8.955],[77.6951,8.9274],[77.7363,8.9239],[77.7372,8.9316],[77.7451,8.9331],[77.76,8.9276],[77.762,8.8868],[77.8013,8.8796],[77.8122,8.8719],[77.8077,8.8665],[77.8175,8.8531],[77.8182,8.8376],[77.8313,8.8334],[77.8517,8.8021],[77.8439,8.7867],[77.8181,8.7759],[77.8181,8.7572],[77.8281,8.7344],[77.8103,8.6833],[77.8243,8.6818],[77.8243,8.6748],[77.8166,8.6722],[77.8061,8.6473],[77.8191,8.6503],[77.8189,8.6311],[77.8057,8.6119],[77.7868,8.6207],[77.7811,8.5835],[77.8031,8.5761],[77.797,8.5654],[77.8121,8.5704],[77.8203,8.5405],[77.818,8.5341],[77.8073,8.5317],[77.814,8.5282],[77.8138,8.5196],[77.8258,8.5155],[77.8268,8.4899],[77.8394,8.4844],[77.8383,8.4728],[77.8436,8.4712],[77.8329,8.457],[77.8405,8.4514],[77.8321,8.4323],[77.8481,8.4238],[77.8516,8.4027],[77.8599,8.3963],[77.8571,8.3848],[77.8437,8.3865],[77.835,8.3783],[77.8549,8.3757],[77.8532,8.367],[77.8413,8.3631],[77.8498,8.3589],[77.8467,8.3544],[77.8604,8.3563],[77.8587,8.3405],[77.8723,8.3502],[77.8895,8.3421],[77.8867,8.3334],[77.8927,8.3221],[77.967,8.3338],[77.9701,8.3408],[77.9717,8.3333],[78.0673,8.3731],[78.0569,8.3794],[78.0639,8.418],[78.1305,8.4967],[78.1219,8.5157],[78.138,8.586],[78.1273,8.615],[78.1314,8.6629],[78.1256,8.6651],[78.1364,8.6941],[78.1541,8.7122],[78.163,8.7413],[78.1811,8.7503],[78.1916,8.7479],[78.2,8.7726],[78.1975,8.7888],[78.1925,8.7868],[78.1986,8.7759],[78.1951,8.767],[78.1887,8.7638],[78.1697,8.7704],[78.1601,8.7802],[78.1639,8.7839],[78.1581,8.797],[78.1666,8.8117],[78.1669,8.8729],[78.18,8.8927],[78.1892,8.9289],[78.215,8.966],[78.2942,9.0207],[78.3849,9.0947],[78.3654,9.1031],[78.3568,9.0986],[78.3564,9.1181],[78.2739,9.1415],[78.2908,9.1776],[78.2961,9.2051],[78.2694,9.2021],[78.2722,9.2563],[78.2805,9.2826],[78.281,9.2842]]],[[[78.21,8.8392],[78.2161,8.8319],[78.2158,8.842],[78.2101,8.8391],[78.21,8.8392]]],[[[78.2234,8.8728],[78.2259,8.8663],[78.2244,8.8723],[78.2234,8.8728]]],[[[78.2531,8.9521],[78.2521,8.9564],[78.2523,8.952],[78.2531,8.9521]]]]}},{"type":"Feature","properties":{"district":"Tiruchirappalli"},"geometry":{"type":"Polygon","coordinates":[[[78.6632,11.3738],[78.6413,11.3421],[78.6045,11.3388],[78.5931,11.3269],[78.5837,11.3298],[78.5767,11.3164],[78.5613,11.3164],[78.5529,11.3201],[78.5534,11.3587],[78.5424,11.3695],[78.5235,11.3707],[78.5153,11.3845],[78.5035,11.3805],[78.5098,11.3968],[78.4963,11.4089],[78.4862,11.4074],[78.4791,11.3879],[78.4699,11.3856],[78.4618,11.3703],[78.4547,11.3493],[78.4596,11.3426],[78.4469,11.3448],[78.4473,11.3321],[78.4558,11.3322],[78.4654,11.3133],[78.4525,11.298],[78.447,11.2748],[78.4381,11.2685],[78.4396,11.2589],[78.4202,11.2207],[78.4219,11.2117],[78.4107,11.1975],[78.3812,11.187],[78.3874,11.1772],[78.3769,11.1762],[78.3806,11.1374],[78.3461,11.138],[78.3434,11.1122],[78.324,11.0972],[78.3382,11.0949],[78.3381,11.0835],[78.3507,11.0692],[78.3634,11.0651],[78.3601,11.0466],[78.3501,11.0483],[78.3446,11.0262],[78.3284,11.0331],[78.3239,11.0579],[78.2909,11.0772],[78.2779,11.0794],[78.2655,11.0703],[78.2564,11.075],[78.2517,11.0902],[78.2387,11.0945],[78.2299,11.0948],[78.2367,11.0666],[78.2289,11.0546],[78.2018,11.0755],[78.1958,11.0646],[78.1818,11.0685],[78.1625,11.0468],[78.1821,11.0419],[78.1966,11.046],[78.1948,11.0221],[78.1649,11.0132],[78.1825,10.9789],[78.1979,10.9713],[78.1979,10.9615],[78.2182,10.9589],[78.2503,10.9688],[78.4012,10.9613],[78.4688,10.9213],[78.4638,10.9141],[78.4894,10.9065],[78.476,10.9064],[78.4712,10.8863],[78.4845,10.8857],[78.4906,10.8951],[78.5046,10.8855],[78.5464,10.8789],[78.5582,10.8638],[78.5779,10.8527],[78.5729,10.8357],[78.5878,10.8286],[78.5813,10.8159],[78.5765,10.8081],[78.5546,10.8134],[78.545,10.7961],[78.5573,10.7893],[78.5575,10.7808],[78.5651,10.7825],[78.5717,10.775],[78.5622,10.7645],[78.5689,10.7475],[78.5654,10.7345],[78.5518,10.7226],[78.5203,10.7106],[78.5135,10.6949],[78.4706,10.7037],[78.4679,10.6885],[78.4382,10.69],[78.425,10.6718],[78.4074,10.6739],[78.3844,10.7167],[78.3743,10.7185],[78.3778,10.726],[78.345,10.7215],[78.3419,10.7052],[78.3205,10.7091],[78.3164,10.7017],[78.2925,10.7018],[78.2923,10.7353],[78.2835,10.7459],[78.2658,10.6282],[78.2558,10.6014],[78.2626,10.5789],[78.2431,10.5543],[78.2087,10.5501],[78.1901,10.5385],[78.1734,10.5037],[78.1917,10.5009],[78.2026,10.4865],[78.1999,10.4815],[78.2176,10.4667],[78.2464,10.4679],[78.3151,10.4395],[78.3068,10.4122],[78.2878,10.4021],[78.2876,10.3933],[78.2772,10.3832],[78.2793,10.3726],[78.2924,10.3612],[78.3308,10.3376],[78.3378,10.3255],[78.3332,10.3004],[78.3633,10.2937],[78.3671,10.3011],[78.3748,10.3003],[78.3718,10.3086],[78.3904,10.3159],[78.4033,10.3405],[78.4047,10.3452],[78.3922,10.3543],[78.4148,10.3631],[78.4366,10.3627],[78.4489,10.3749],[78.4386,10.3837],[78.4402,10.4006],[78.4487,10.4096],[78.4904,10.3958],[78.492,10.388],[78.5077,10.389],[78.5094,10.3723],[78.5249,10.3782],[78.5311,10.3967],[78.5165,10.4078],[78.5231,10.4366],[78.5523,10.4337],[78.5533,10.4266],[78.5625,10.4268],[78.5651,10.443],[78.5851,10.4409],[78.5894,10.4745],[78.5708,10.4891],[78.5818,10.5219],[78.5694,10.5196],[78.5646,10.512],[78.55,10.5141],[78.5439,10.53],[78.5365,10.5306],[78.5328,10.5139],[78.5409,10.505],[78.5274,10.4863],[78.4961,10.4851],[78.498,10.5067],[78.4881,10.5204],[78.4913,10.5268],[78.4862,10.5388],[78.4639,10.5408],[78.4661,10.5783],[78.4584,10.5813],[78.4596,10.5901],[78.4524,10.5921],[78.4456,10.6074],[78.4595,10.6114],[78.4825,10.6384],[78.527,10.6291],[78.5291,10.6448],[78.5198,10.6517],[78.5178,10.6698],[78.5444,10.6752],[78.5508,10.6864],[78.5684,10.6813],[78.5656,10.6606],[78.5795,10.6641],[78.5931,10.659],[78.6092,10.6811],[78.6213,10.6758],[78.6261,10.7025],[78.6352,10.7074],[78.6585,10.7047],[78.6513,10.6814],[78.6564,10.672],[78.6525,10.6586],[78.6652,10.6548],[78.6658,10.6715],[78.6829,10.6711],[78.6821,10.6866],[78.6931,10.6913],[78.6976,10.7023],[78.6892,10.7346],[78.7091,10.7331],[78.7099,10.7221],[78.7428,10.7074],[78.7466,10.6868],[78.7381,10.6828],[78.7358,10.6717],[78.7488,10.642],[78.7653,10.6551],[78.7907,10.6498],[78.802,10.6716],[78.7997,10.6799],[78.8127,10.6724],[78.8204,10.6946],[78.8721,10.6881],[78.8735,10.7056],[78.8645,10.7328],[78.8684,10.7607],[78.881,10.7775],[78.8803,10.7885],[78.8672,10.7849],[78.8605,10.8032],[78.8688,10.8256],[78.7971,10.8239],[78.7758,10.827],[78.7765,10.8331],[78.851,10.8423],[78.9234,10.8661],[78.9406,10.8785],[78.9397,10.8877],[78.9602,10.8946],[78.9663,10.8872],[79.0057,10.8936],[79.0068,10.8994],[79.0019,10.9222],[78.9903,10.9284],[78.9827,10.9217],[78.9776,10.9436],[78.9503,10.9555],[78.9473,10.9625],[78.9468,10.9766],[78.9874,10.9668],[78.9823,10.9755],[78.9896,10.9785],[78.9919,11.0014],[79.0123,11.0101],[79.006,11.0603],[78.9983,11.0762],[78.9847,11.0789],[78.9804,11.091],[78.9393,11.0948],[78.9264,11.0894],[78.8865,11.1017],[78.8732,11.0967],[78.8725,11.0842],[78.8475,11.0902],[78.84,11.0764],[78.8073,11.0789],[78.8109,11.1117],[78.7768,11.1128],[78.7597,11.1216],[78.7353,11.1056],[78.7389,11.0867],[78.7455,11.0831],[78.7427,11.0755],[78.7202,11.074],[78.7177,11.0556],[78.701,11.0686],[78.6758,11.1616],[78.6715,11.1664],[78.652,11.1636],[78.6512,11.1683],[78.6632,11.1747],[78.6759,11.1953],[78.6988,11.1911],[78.7126,11.2127],[78.7088,11.2277],[78.7027,11.2287],[78.7134,11.24],[78.7101,11.249],[78.7261,11.261],[78.7287,11.2725],[78.7512,11.2848],[78.7389,11.2941],[78.7331,11.3234],[78.6784,11.3275],[78.6659,11.3173],[78.66,11.3194],[78.6612,11.3314],[78.6563,11.3338],[78.6364,11.3315],[78.6346,11.336],[78.6552,11.3447],[78.6596,11.3579],[78.6721,11.36],[78.6885,11.3772],[78.6891,11.3817],[78.6656,11.3754],[78.6632,11.3738]],[[78.5694,10.7091],[78.58,10.7],[78.575,10.6849],[78.5583,10.6969],[78.5675,10.707],[78.5694,10.7091]]]}},{"type":"Feature","properties":{"district":"Tirunelveli"},"geometry":{"type":"Polygon","coordinates":[[[77.6961,8.9263],[77.6948,8.9188],[77.6848,8.919],[77.6569,8.9343],[77.6547,8.9565],[77.6345,8.9552],[77.6297,8.9469],[77.6217,8.9492],[77.6183,8.9341],[77.6141,8.9424],[77.5932,8.9447],[77.5929,8.9107],[77.5609,8.9101],[77.5708,8.9052],[77.5638,8.8779],[77.5725,8.8819],[77.5773,8.8732],[77.5899,8.8754],[77.5943,8.8681],[77.5853,8.8266],[77.57,8.8114],[77.5694,8.7897],[77.5538,8.7853],[77.5377,8.79],[77.5201,8.7818],[77.5135,8.792],[77.52,8.8012],[77.511,8.8088],[77.5064,8.7951],[77.499,8.8013],[77.4902,8.7969],[77.4867,8.806],[77.4628,8.8139],[77.4628,8.7901],[77.4559,8.7863],[77.4615,8.7729],[77.4501,8.7639],[77.4204,8.7872],[77.415,8.8256],[77.4009,8.8281],[77.4068,8.8334],[77.4045,8.8421],[77.3844,8.8483],[77.3865,8.8714],[77.3417,8.868],[77.3314,8.8756],[77.3131,8.8725],[77.2949,8.8824],[77.2733,8.8761],[77.2595,8.8809],[77.2556,8.8611],[77.2628,8.842],[77.2471,8.8237],[77.2471,8.8148],[77.232,8.8077],[77.2297,8.7846],[77.2131,8.7786],[77.218,8.7682],[77.1973,8.7689],[77.1998,8.7608],[77.1925,8.7444],[77.1698,8.7474],[77.1808,8.7183],[77.195,8.7078],[77.2067,8.6842],[77.2007,8.6691],[77.2441,8.6218],[77.2452,8.6034],[77.2677,8.5792],[77.2871,8.5668],[77.3508,8.5464],[77.3744,8.5181],[77.3776,8.524],[77.3891,8.524],[77.4387,8.5072],[77.4495,8.4872],[77.4451,8.4748],[77.4663,8.4688],[77.4644,8.4618],[77.4723,8.4553],[77.4616,8.4285],[77.4729,8.4163],[77.4732,8.3974],[77.4893,8.3884],[77.4915,8.3791],[77.5073,8.387],[77.5198,8.3822],[77.5314,8.3929],[77.538,8.3854],[77.5417,8.3788],[77.5337,8.3675],[77.542,8.3353],[77.5327,8.3353],[77.5309,8.3187],[77.5643,8.2786],[77.5537,8.2769],[77.5631,8.2756],[77.5584,8.2697],[77.5743,8.2558],[77.5767,8.2442],[77.5698,8.2484],[77.5697,8.2434],[77.5484,8.2447],[77.5453,8.2402],[77.5406,8.2215],[77.5499,8.22],[77.5438,8.2055],[77.5498,8.2056],[77.5455,8.1956],[77.5529,8.1918],[77.5417,8.1852],[77.5469,8.1794],[77.5385,8.1742],[77.5398,8.1609],[77.5719,8.1519],[77.5838,8.1546],[77.5886,8.1421],[77.6492,8.1593],[77.7141,8.1665],[77.7447,8.1769],[77.7781,8.1979],[77.784,8.2219],[77.8029,8.2402],[77.8881,8.2733],[77.9527,8.3139],[77.9736,8.338],[77.9258,8.3309],[77.9122,8.3217],[77.8927,8.3221],[77.8867,8.3334],[77.8895,8.3421],[77.8723,8.3502],[77.8587,8.3405],[77.8604,8.3563],[77.8467,8.3544],[77.8498,8.3589],[77.8413,8.3631],[77.8532,8.367],[77.8549,8.3757],[77.835,8.3783],[77.8356,8.3823],[77.8571,8.3848],[77.8599,8.3963],[77.8516,8.4027],[77.8481,8.4238],[77.8321,8.4323],[77.8405,8.4514],[77.8329,8.457],[77.8436,8.4712],[77.8383,8.4728],[77.8394,8.4844],[77.8268,8.4899],[77.8258,8.5155],[77.8138,8.5196],[77.814,8.5282],[77.8073,8.5317],[77.818,8.5341],[77.8203,8.5405],[77.8121,8.5704],[77.797,8.5654],[77.8031,8.5761],[77.7811,8.5835],[77.7868,8.6207],[77.8057,8.6119],[77.8189,8.6311],[77.8191,8.6503],[77.8061,8.6473],[77.8166,8.6722],[77.8243,8.6748],[77.8243,8.6818],[77.8103,8.6833],[77.8281,8.7344],[77.8181,8.7572],[77.8181,8.7759],[77.8439,8.7867],[77.8517,8.8021],[77.8313,8.8334],[77.8182,8.8376],[77.8175,8.8531],[77.8077,8.8665],[77.8122,8.8719],[77.8013,8.8796],[77.762,8.8868],[77.76,8.9276],[77.7451,8.9331],[77.7372,8.9316],[77.7363,8.9239],[77.6972,8.9266],[77.6961,8.9263]]]}},{"type":"Feature","properties":{"district":"Tirupathur"},"geometry":{"type":"MultiPolygon","coordinates":[[[[78.8583,12.6334],[78.8377,12.6434],[78.8086,12.6362],[78.8358,12.658],[78.8415,12.6784],[78.8564,12.6827],[78.8449,12.6968],[78.8537,12.7166],[78.8489,12.7565],[78.8611,12.775],[78.8718,12.7744],[78.8847,12.8105],[78.8743,12.8202],[78.8653,12.8186],[78.865,12.8262],[78.8749,12.836],[78.8899,12.8314],[78.8982,12.836],[78.8931,12.8425],[78.8775,12.8416],[78.881,12.849],[78.8762,12.8534],[78.8997,12.8569],[78.9037,12.8492],[78.9018,12.8709],[78.9082,12.8755],[78.906,12.8889],[78.918,12.9101],[78.9078,12.91],[78.8241,12.8602],[78.7826,12.8473],[78.7732,12.8336],[78.7492,12.8177],[78.7341,12.8304],[78.7374,12.8425],[78.7304,12.8657],[78.7187,12.8647],[78.7163,12.8502],[78.7121,12.8598],[78.6539,12.8653],[78.6029,12.8447],[78.6078,12.8219],[78.6004,12.8184],[78.5925,12.7827],[78.5556,12.7558],[78.5632,12.7513],[78.5553,12.7393],[78.5639,12.7376],[78.5544,12.7193],[78.5616,12.71],[78.5549,12.7075],[78.5559,12.7002],[78.5364,12.6904],[78.5293,12.7091],[78.5442,12.7102],[78.5377,12.7169],[78.5251,12.7154],[78.5269,12.7216],[78.5119,12.7077],[78.5033,12.717],[78.5019,12.7044],[78.4966,12.7033],[78.5074,12.6914],[78.4993,12.6751],[78.4679,12.6759],[78.4748,12.6476],[78.4696,12.6293],[78.4649,12.624],[78.4266,12.6351],[78.4069,12.6203],[78.4073,12.6023],[78.4212,12.5702],[78.4131,12.5171],[78.4199,12.5082],[78.4155,12.4882],[78.4502,12.4494],[78.4479,12.4413],[78.4556,12.4285],[78.4358,12.3938],[78.4588,12.385],[78.4648,12.3919],[78.4901,12.3869],[78.4961,12.4121],[78.5086,12.3988],[78.5141,12.4071],[78.5257,12.3986],[78.5675,12.389],[78.5845,12.3606],[78.6172,12.3473],[78.6112,12.33],[78.6046,12.3318],[78.5883,12.3128],[78.5928,12.3074],[78.5984,12.3132],[78.6095,12.3098],[78.6131,12.2941],[78.6042,12.2792],[78.6036,12.2628],[78.6237,12.2648],[78.6414,12.2822],[78.6352,12.2612],[78.648,12.2584],[78.6784,12.2718],[78.6939,12.2941],[78.71,12.3041],[78.7292,12.3738],[78.751,12.3853],[78.7687,12.4225],[78.7688,12.4375],[78.7586,12.4427],[78.7725,12.4609],[78.7776,12.4598],[78.7747,12.4853],[78.7821,12.4844],[78.7898,12.4999],[78.7982,12.4973],[78.8177,12.5293],[78.8583,12.6332],[78.8583,12.6334]]],[[[78.5117,12.7267],[78.5138,12.7345],[78.5053,12.743],[78.4932,12.7471],[78.4891,12.742],[78.506,12.7225],[78.5104,12.7249],[78.5117,12.7267]]]]}},{"type":"Feature","properties":{"district":"Tiruppur"},"geometry":{"type":"Polygon","coordinates":[[[77.7766,11.0583],[77.7372,11.0857],[77.7301,11.0767],[77.7134,11.0782],[77.707,11.0915],[77.6614,11.1038],[77.6545,11.1162],[77.6324,11.1255],[77.6136,11.1255],[77.5987,11.1116],[77.5842,11.1214],[77.5562,11.1082],[77.5033,11.1069],[77.4989,11.1466],[77.4832,11.14],[77.4851,11.1608],[77.4715,11.16],[77.4697,11.1648],[77.4763,11.1849],[77.4879,11.179],[77.5123,11.183],[77.5169,11.2056],[77.5107,11.1985],[77.499,11.2056],[77.502,11.2193],[77.4945,11.2225],[77.5002,11.2268],[77.4653,11.2523],[77.4691,11.2701],[77.4524,11.3133],[77.4545,11.3068],[77.4482,11.3115],[77.444,11.3057],[77.4257,11.3197],[77.4175,11.3103],[77.3868,11.3221],[77.3786,11.3394],[77.3632,11.3415],[77.3661,11.3171],[77.3338,11.3151],[77.3333,11.3069],[77.3453,11.3],[77.3487,11.2859],[77.3364,11.2571],[77.3313,11.2568],[77.2956,11.2728],[77.3144,11.282],[77.2863,11.2924],[77.293,11.33],[77.2889,11.3437],[77.2877,11.3332],[77.2817,11.3344],[77.2539,11.3108],[77.2472,11.3292],[77.2383,11.3222],[77.2416,11.3052],[77.2191,11.3038],[77.2163,11.2978],[77.202,11.3041],[77.2043,11.3099],[77.2211,11.307],[77.2267,11.3176],[77.2365,11.3141],[77.2345,11.3311],[77.2215,11.3402],[77.234,11.3521],[77.2108,11.3496],[77.1966,11.3387],[77.1787,11.3421],[77.1745,11.3325],[77.1825,11.3138],[77.1677,11.3172],[77.159,11.3323],[77.1471,11.3362],[77.1506,11.3063],[77.1263,11.308],[77.1171,11.2946],[77.1272,11.2853],[77.1387,11.2861],[77.1392,11.2797],[77.1438,11.2873],[77.1534,11.2782],[77.1701,11.2833],[77.1659,11.2443],[77.1595,11.2433],[77.1592,11.2315],[77.1465,11.2187],[77.145,11.2072],[77.1589,11.1974],[77.161,11.168],[77.1823,11.1619],[77.1732,11.1382],[77.1839,11.1395],[77.1896,11.1505],[77.2123,11.1379],[77.2135,11.1267],[77.2251,11.125],[77.2316,11.1267],[77.2357,11.1398],[77.2422,11.138],[77.2646,11.1106],[77.2341,11.1034],[77.1684,11.0673],[77.1661,11.0602],[77.1789,11.0368],[77.1753,11.0158],[77.165,11.0022],[77.1538,10.9983],[77.1699,10.9687],[77.1818,10.9206],[77.1989,10.9202],[77.211,10.9023],[77.2481,10.9047],[77.2578,10.8698],[77.2884,10.8481],[77.299,10.8146],[77.2782,10.8027],[77.2759,10.7914],[77.2839,10.7866],[77.2541,10.7764],[77.2301,10.7774],[77.2144,10.7856],[77.2103,10.7909],[77.2153,10.8035],[77.1766,10.7973],[77.1718,10.8022],[77.1612,10.7932],[77.1528,10.7657],[77.1453,10.7654],[77.1341,10.7501],[77.1424,10.7185],[77.1451,10.6599],[77.1523,10.6506],[77.1811,10.6439],[77.1707,10.5997],[77.1663,10.5872],[77.158,10.5842],[77.1022,10.586],[77.0854,10.5782],[77.0727,10.5451],[77.0783,10.5022],[77.0585,10.4791],[77.0732,10.4595],[77.0418,10.4264],[77.0448,10.4148],[77.0871,10.3774],[77.09,10.3509],[77.0782,10.3374],[77.0842,10.3295],[77.0812,10.322],[77.0884,10.3246],[77.0953,10.3091],[77.1204,10.318],[77.1766,10.3584],[77.2356,10.3523],[77.2277,10.3154],[77.2629,10.2633],[77.2572,10.2594],[77.2597,10.2303],[77.2693,10.237],[77.2881,10.2319],[77.2968,10.2527],[77.3041,10.2442],[77.3105,10.2463],[77.3254,10.2702],[77.3481,10.2634],[77.3474,10.2901],[77.3265,10.3211],[77.3349,10.3321],[77.33,10.3411],[77.3366,10.3541],[77.3157,10.3557],[77.32,10.434],[77.3272,10.4347],[77.3229,10.4485],[77.3323,10.4546],[77.3571,10.4448],[77.3851,10.449],[77.3785,10.4939],[77.4017,10.4988],[77.4057,10.5221],[77.378,10.5259],[77.368,10.5467],[77.385,10.5914],[77.3962,10.5979],[77.3945,10.6053],[77.4017,10.6134],[77.4177,10.6256],[77.4451,10.6297],[77.4582,10.6424],[77.4729,10.6426],[77.4825,10.65],[77.5046,10.6426],[77.5161,10.613],[77.5073,10.6134],[77.5083,10.607],[77.5428,10.6098],[77.5492,10.639],[77.5715,10.6579],[77.5801,10.6791],[77.586,10.6835],[77.5962,10.6759],[77.6368,10.6687],[77.6557,10.6734],[77.6647,10.7163],[77.6936,10.7352],[77.702,10.7337],[77.7087,10.6863],[77.6985,10.6624],[77.7141,10.6415],[77.7231,10.6408],[77.7205,10.6312],[77.7303,10.6304],[77.753,10.6489],[77.7536,10.668],[77.7662,10.6791],[77.7888,10.6852],[77.808,10.6808],[77.81,10.699],[77.8246,10.7151],[77.8258,10.7527],[77.8128,10.7584],[77.797,10.7524],[77.7711,10.7672],[77.778,10.7898],[77.7936,10.7903],[77.7985,10.8058],[77.8278,10.7975],[77.8359,10.7868],[77.8549,10.7839],[77.8711,10.7717],[77.892,10.7738],[77.8914,10.7925],[77.8814,10.7888],[77.8714,10.7954],[77.8755,10.8103],[77.8683,10.8428],[77.8564,10.8493],[77.8455,10.8369],[77.8362,10.8354],[77.8207,10.8577],[77.7964,10.8659],[77.7889,10.8861],[77.784,10.8731],[77.7749,10.8712],[77.7717,10.8935],[77.7608,10.9016],[77.77,10.9618],[77.7685,10.9667],[77.7532,10.9656],[77.7502,10.9765],[77.7813,10.9984],[77.7897,11.0188],[77.7919,11.0331],[77.7824,11.039],[77.7767,11.057],[77.7766,11.0583]]]}},{"type":"Feature","properties":{"district":"Tiruvannamalai"},"geometry":{"type":"Polygon","coordinates":[[[79.5596,12.8536],[79.5392,12.8629],[79.5086,12.8572],[79.5006,12.872],[79.4726,12.8743],[79.4729,12.8513],[79.457,12.8442],[79.4574,12.8105],[79.4771,12.8071],[79.4765,12.7995],[79.4623,12.7985],[79.4598,12.7834],[79.4692,12.7708],[79.4675,12.7567],[79.4586,12.7536],[79.4534,12.7403],[79.4753,12.7314],[79.4626,12.717],[79.4655,12.7005],[79.455,12.6991],[79.459,12.6869],[79.451,12.6712],[79.4099,12.6561],[79.3829,12.6283],[79.3518,12.6464],[79.3624,12.6518],[79.3606,12.6671],[79.3534,12.6682],[79.3949,12.6898],[79.3801,12.7078],[79.3924,12.7139],[79.3955,12.7294],[79.3905,12.7262],[79.3798,12.7335],[79.3799,12.7262],[79.3655,12.7195],[79.3669,12.7142],[79.3556,12.7189],[79.3577,12.6968],[79.3451,12.6949],[79.3389,12.7012],[79.3478,12.713],[79.3434,12.7315],[79.2895,12.7529],[79.2836,12.7634],[79.2878,12.7791],[79.262,12.7941],[79.2618,12.8187],[79.2503,12.8239],[79.2523,12.8081],[79.2402,12.8086],[79.2381,12.7976],[79.2087,12.7847],[79.2139,12.7608],[79.2072,12.7418],[79.1891,12.7483],[79.174,12.7415],[79.1717,12.7605],[79.1611,12.7729],[79.1592,12.7528],[79.132,12.7624],[79.0898,12.7585],[79.078,12.7491],[79.0735,12.7559],[79.0598,12.7384],[79.0647,12.7387],[79.057,12.7303],[79.0571,12.718],[79.0427,12.7115],[79.0298,12.6892],[79.0239,12.689],[79.0266,12.6798],[79.0122,12.6573],[79.0238,12.6926],[78.9954,12.706],[78.979,12.6801],[78.9811,12.6737],[78.9715,12.6669],[78.9479,12.6799],[78.9499,12.6864],[78.9276,12.6759],[78.9119,12.6873],[78.8973,12.6791],[78.8963,12.6899],[78.8658,12.6317],[78.8583,12.6334],[78.8177,12.5293],[78.7982,12.4973],[78.7898,12.4999],[78.7821,12.4844],[78.7747,12.4853],[78.7776,12.4598],[78.7725,12.4609],[78.7586,12.4427],[78.7688,12.4375],[78.7687,12.4225],[78.751,12.3853],[78.7292,12.3738],[78.71,12.3041],[78.6939,12.2941],[78.6784,12.2718],[78.648,12.2584],[78.6508,12.2402],[78.6654,12.2333],[78.6687,12.2384],[78.68,12.2227],[78.6886,12.2219],[78.6697,12.1975],[78.655,12.1966],[78.65,12.1882],[78.6407,12.1977],[78.6328,12.1768],[78.6479,12.1622],[78.6354,12.1461],[78.6314,12.1279],[78.6572,12.125],[78.6644,12.1154],[78.6612,12.1025],[78.6841,12.1059],[78.691,12.1151],[78.7376,12.1339],[78.7452,12.1239],[78.7271,12.0994],[78.704,12.0301],[78.6977,11.9925],[78.7029,11.9861],[78.7365,11.988],[78.7575,12.0116],[78.7803,12.0077],[78.8043,12.0196],[78.8287,12.0077],[78.8614,12.0123],[78.8688,12.0037],[78.912,12.0054],[78.9433,12.029],[78.9489,12.0409],[78.9415,12.0506],[78.9597,12.0687],[78.981,12.0656],[78.9885,12.0551],[78.995,12.0676],[79.0315,12.0644],[79.0209,12.0554],[79.0229,12.0501],[79.0525,12.0365],[79.0605,12.0522],[79.0688,12.0525],[79.0611,12.0606],[79.063,12.0699],[79.0788,12.0712],[79.0852,12.0811],[79.0985,12.0661],[79.088,12.0424],[79.0769,12.0442],[79.0789,12.0315],[79.0945,12.03],[79.1071,12.0198],[79.1125,12.0265],[79.1254,12.0188],[79.1475,12.0441],[79.1726,12.0305],[79.1762,12.0474],[79.1901,12.0482],[79.2007,12.0699],[79.2336,12.0592],[79.2379,12.0766],[79.2572,12.0799],[79.2792,12.1079],[79.2767,12.126],[79.2588,12.1307],[79.238,12.1534],[79.2106,12.1661],[79.2151,12.1977],[79.2223,12.1939],[79.2223,12.1838],[79.2346,12.1841],[79.2331,12.1978],[79.2157,12.2123],[79.2359,12.2122],[79.2367,12.2179],[79.2251,12.222],[79.2484,12.241],[79.2403,12.2539],[79.245,12.274],[79.261,12.2768],[79.2678,12.2887],[79.2801,12.2918],[79.2738,12.3055],[79.2852,12.3064],[79.2893,12.3179],[79.2519,12.3232],[79.2465,12.3164],[79.2341,12.3157],[79.2346,12.3299],[79.1982,12.343],[79.2214,12.3497],[79.227,12.3425],[79.2392,12.3465],[79.2247,12.3677],[79.2274,12.3727],[79.2371,12.3685],[79.2485,12.383],[79.2427,12.3972],[79.2272,12.4019],[79.2314,12.4428],[79.2695,12.4477],[79.309,12.4387],[79.3253,12.4508],[79.4016,12.4357],[79.4113,12.4068],[79.4206,12.4109],[79.4284,12.4009],[79.4331,12.41],[79.4384,12.4073],[79.4391,12.3891],[79.4482,12.3958],[79.4511,12.3742],[79.4729,12.365],[79.4859,12.3746],[79.4933,12.3703],[79.4889,12.3494],[79.4966,12.3449],[79.5179,12.3533],[79.5295,12.3701],[79.5982,12.3482],[79.6082,12.3781],[79.621,12.3744],[79.6217,12.3495],[79.6383,12.343],[79.6471,12.3589],[79.6637,12.3681],[79.6676,12.377],[79.6601,12.379],[79.6695,12.3938],[79.6978,12.4022],[79.6915,12.4209],[79.7073,12.4151],[79.7059,12.4314],[79.7167,12.4316],[79.7178,12.4392],[79.7363,12.4284],[79.7334,12.4541],[79.7495,12.4567],[79.7441,12.4725],[79.7473,12.4841],[79.722,12.494],[79.7207,12.5005],[79.7498,12.5029],[79.7562,12.515],[79.7538,12.5241],[79.7146,12.5496],[79.7169,12.5681],[79.7057,12.5695],[79.7158,12.5812],[79.7249,12.579],[79.7246,12.5874],[79.6884,12.6016],[79.6658,12.5934],[79.6457,12.6031],[79.6454,12.6252],[79.6303,12.631],[79.6466,12.6704],[79.6825,12.668],[79.7419,12.6949],[79.7438,12.7029],[79.7357,12.7034],[79.7365,12.7193],[79.7132,12.7283],[79.7415,12.7346],[79.7448,12.7439],[79.7311,12.756],[79.7093,12.7587],[79.7075,12.7778],[79.6969,12.7763],[79.6775,12.7902],[79.6705,12.7876],[79.6704,12.7777],[79.6573,12.7747],[79.6545,12.7642],[79.6462,12.7725],[79.6502,12.7825],[79.6353,12.7864],[79.6429,12.8026],[79.6383,12.8148],[79.608,12.8294],[79.5964,12.8289],[79.5567,12.8526],[79.5596,12.8536]]]}},{"type":"Feature","properties":{"district":"Tiruvarur"},"geometry":{"type":"MultiPolygon","coordinates":[[[[79.7481,10.9965],[79.7318,10.9948],[79.7003,11.0154],[79.671,11.0173],[79.6434,11.0098],[79.6405,11],[79.6339,11.0003],[79.6327,10.9809],[79.6042,10.9822],[79.6084,10.9762],[79.604,10.9718],[79.5855,10.9832],[79.5775,10.9826],[79.5748,10.9706],[79.5638,10.9765],[79.545,10.9656],[79.5325,10.9685],[79.5285,10.9596],[79.5302,10.9691],[79.5171,10.9704],[79.5189,10.9466],[79.5012,10.9417],[79.4987,10.9318],[79.4843,10.9209],[79.4935,10.9164],[79.4933,10.9053],[79.5068,10.9041],[79.5072,10.896],[79.4883,10.8894],[79.4857,10.8692],[79.472,10.8723],[79.4663,10.8647],[79.4555,10.864],[79.4051,10.8931],[79.3702,10.8945],[79.3481,10.9107],[79.3289,10.9163],[79.328,10.925],[79.2919,10.938],[79.2754,10.9231],[79.2869,10.9179],[79.2867,10.9072],[79.2953,10.9081],[79.2957,10.9035],[79.2682,10.9053],[79.2736,10.8729],[79.2886,10.8715],[79.2953,10.8642],[79.2894,10.833],[79.2985,10.8357],[79.3061,10.8239],[79.3258,10.8174],[79.3264,10.8104],[79.3435,10.8127],[79.3766,10.804],[79.3702,10.7963],[79.3485,10.7957],[79.3454,10.7662],[79.3614,10.7651],[79.3611,10.7522],[79.3501,10.7502],[79.3415,10.7395],[79.3204,10.7373],[79.312,10.7468],[79.3016,10.7395],[79.3069,10.7102],[79.3201,10.6849],[79.3179,10.6608],[79.3429,10.6584],[79.3574,10.6459],[79.3481,10.6269],[79.3542,10.6108],[79.3467,10.5956],[79.3519,10.5831],[79.3966,10.5802],[79.4016,10.5725],[79.3985,10.5589],[79.405,10.5521],[79.4207,10.5491],[79.4259,10.5579],[79.4525,10.5595],[79.4521,10.551],[79.4285,10.5457],[79.4232,10.5354],[79.4692,10.5114],[79.4554,10.4886],[79.4765,10.4934],[79.4831,10.4896],[79.4793,10.4635],[79.4697,10.4618],[79.4761,10.4497],[79.473,10.4353],[79.4511,10.4297],[79.4651,10.416],[79.4616,10.4066],[79.4738,10.4065],[79.476,10.4001],[79.4772,10.3935],[79.4614,10.3926],[79.47,10.3831],[79.4676,10.3731],[79.4755,10.372],[79.4857,10.3806],[79.4923,10.3698],[79.5048,10.3663],[79.4988,10.3148],[79.5139,10.3133],[79.5441,10.3249],[79.5492,10.3178],[79.5317,10.3084],[79.7166,10.2811],[79.7209,10.288],[79.7051,10.2928],[79.6388,10.3423],[79.6371,10.3787],[79.6274,10.3962],[79.6333,10.4157],[79.6308,10.4455],[79.6589,10.4467],[79.6636,10.4403],[79.6902,10.4499],[79.6772,10.4807],[79.6994,10.4834],[79.6884,10.5104],[79.7003,10.5061],[79.7267,10.5361],[79.715,10.5417],[79.7103,10.5537],[79.6998,10.549],[79.6757,10.5616],[79.6596,10.5592],[79.6689,10.5755],[79.6797,10.5727],[79.6872,10.5836],[79.6693,10.5852],[79.6674,10.6026],[79.659,10.604],[79.6556,10.6135],[79.6727,10.6164],[79.6736,10.6244],[79.67,10.6329],[79.6494,10.6428],[79.6542,10.6573],[79.6667,10.6504],[79.6778,10.6804],[79.6723,10.6932],[79.6522,10.7023],[79.6553,10.7129],[79.6689,10.7081],[79.6778,10.7165],[79.6872,10.7159],[79.6893,10.7226],[79.6813,10.7287],[79.6982,10.7455],[79.6949,10.7628],[79.7037,10.7834],[79.7289,10.7971],[79.7317,10.8099],[79.7236,10.8076],[79.7276,10.8292],[79.7036,10.8244],[79.6982,10.8307],[79.6861,10.8297],[79.6866,10.8161],[79.659,10.8174],[79.6572,10.8058],[79.6425,10.8158],[79.6313,10.8154],[79.6313,10.8227],[79.6528,10.8246],[79.6482,10.8351],[79.6545,10.8361],[79.655,10.844],[79.642,10.8571],[79.651,10.8564],[79.6524,10.8672],[79.6462,10.8744],[79.6556,10.8757],[79.6526,10.8861],[79.6676,10.901],[79.6686,10.9143],[79.6789,10.9154],[79.6848,10.9283],[79.6906,10.9203],[79.701,10.9194],[79.7064,10.9258],[79.705,10.9196],[79.7144,10.9137],[79.7157,10.9309],[79.7296,10.9341],[79.7233,10.9352],[79.7241,10.9413],[79.7372,10.9491],[79.7367,10.9574],[79.7327,10.9514],[79.7209,10.9519],[79.7197,10.9685],[79.7448,10.9662],[79.7461,10.9563],[79.764,10.9598],[79.7528,10.9769],[79.7586,10.9835],[79.7474,10.9883],[79.7481,10.9964],[79.7481,10.9965]]],[[[79.7641,10.9073],[79.7622,10.9015],[79.7679,10.9018],[79.7639,10.9066],[79.7641,10.9073]]]]}},{"type":"Feature","properties":{"district":"Vellore"},"geometry":{"type":"MultiPolygon","coordinates":[[[[79.284,13.1228],[79.2774,13.1562],[79.2621,13.149],[79.2604,13.1596],[79.2533,13.1603],[79.2541,13.1461],[79.2453,13.1383],[79.2402,13.1444],[79.245,13.1488],[79.2427,13.171],[79.2339,13.17],[79.2273,13.1556],[79.2147,13.157],[79.21,13.1485],[79.2329,13.1394],[79.2304,13.1264],[79.2384,13.1186],[79.2344,13.1052],[79.2009,13.0888],[79.1983,13.0813],[79.1907,13.0887],[79.1807,13.0842],[79.1921,13.0674],[79.1783,13.0592],[79.1921,13.0561],[79.1797,13.0545],[79.1804,13.0488],[79.193,13.0467],[79.1848,13.0299],[79.1631,13.0203],[79.1373,13.0348],[79.1145,13.0393],[79.0983,13.0261],[79.0809,13.0257],[79.0629,13.0406],[79.0634,13.0531],[79.0387,13.0611],[79.0369,13.0706],[78.995,13.0866],[78.9723,13.0838],[78.9703,13.0747],[78.9554,13.0758],[78.9492,13.084],[78.9415,13.0785],[78.9239,13.0808],[78.9217,13.0661],[78.9126,13.0659],[78.9037,13.0477],[78.9292,13.0458],[78.9408,13.0364],[78.9371,13.0304],[78.9291,13.0365],[78.8916,13.0331],[78.889,13.0734],[78.8957,13.0951],[78.8916,13.0971],[78.8751,13.0968],[78.871,13.0819],[78.842,13.0786],[78.8131,13.0891],[78.7943,13.0666],[78.7518,13.0549],[78.7403,13.064],[78.7145,13.0687],[78.7053,13.0152],[78.6562,13.0312],[78.6555,13.0152],[78.6209,12.9912],[78.6472,12.9662],[78.6382,12.9641],[78.657,12.9321],[78.6334,12.9317],[78.6029,12.8447],[78.6539,12.8653],[78.7121,12.8598],[78.7163,12.8502],[78.7187,12.8647],[78.7304,12.8657],[78.7374,12.8425],[78.7341,12.8304],[78.7492,12.8177],[78.7732,12.8336],[78.7826,12.8473],[78.8241,12.8602],[78.8453,12.8772],[78.8874,12.8938],[78.8999,12.9073],[78.9179,12.9107],[78.906,12.8889],[78.9082,12.8755],[78.9018,12.8709],[78.9037,12.8492],[78.8997,12.8569],[78.8762,12.8534],[78.881,12.849],[78.8775,12.8416],[78.8931,12.8425],[78.8975,12.8342],[78.8749,12.836],[78.865,12.8262],[78.8653,12.8186],[78.8743,12.8202],[78.8847,12.8105],[78.8718,12.7744],[78.8611,12.775],[78.8489,12.7565],[78.8537,12.7166],[78.8449,12.6968],[78.8564,12.6827],[78.8415,12.6784],[78.8358,12.658],[78.8086,12.6362],[78.8377,12.6434],[78.8658,12.6317],[78.8963,12.6899],[78.8973,12.6791],[78.9119,12.6873],[78.9276,12.6759],[78.9499,12.6864],[78.9496,12.6786],[78.9763,12.6681],[78.9953,12.706],[79.0238,12.6926],[79.0122,12.6573],[79.0266,12.6798],[79.0239,12.689],[79.0298,12.6892],[79.0427,12.7115],[79.0571,12.718],[79.057,12.7303],[79.0647,12.7387],[79.0598,12.7384],[79.0735,12.7559],[79.078,12.7491],[79.0898,12.7585],[79.132,12.7624],[79.1592,12.7528],[79.1611,12.7729],[79.1717,12.7605],[79.174,12.7415],[79.1891,12.7483],[79.2076,12.7419],[79.2139,12.7608],[79.2087,12.7847],[79.1955,12.7925],[79.1908,12.8099],[79.1779,12.825],[79.1947,12.8929],[79.1996,12.8891],[79.2109,12.8952],[79.2058,12.9049],[79.1913,12.9081],[79.1864,12.9185],[79.1944,12.9335],[79.21,12.9385],[79.2167,12.955],[79.2416,12.9553],[79.2679,12.9401],[79.266,12.9874],[79.2781,13.0073],[79.2848,13.0377],[79.2945,13.0472],[79.2725,13.087],[79.2934,13.1014],[79.2844,13.1217],[79.284,13.1228]]],[[[78.5228,12.7192],[78.5192,12.7363],[78.518,12.7248],[78.5093,12.7242],[78.5205,12.7181],[78.5228,12.7192]]]]}},{"type":"Feature","properties":{"district":"Viluppuram"},"geometry":{"type":"Polygon","coordinates":[[[79.6404,12.3447],[79.6217,12.3495],[79.621,12.3744],[79.6082,12.3781],[79.5982,12.3482],[79.5295,12.3701],[79.5179,12.3533],[79.4961,12.3451],[79.4889,12.3494],[79.4933,12.3703],[79.4859,12.3746],[79.4729,12.365],[79.4511,12.3742],[79.4482,12.3958],[79.4398,12.3891],[79.4362,12.394],[79.438,12.408],[79.4331,12.41],[79.4284,12.4009],[79.4206,12.4109],[79.4113,12.4068],[79.4016,12.4357],[79.3825,12.4423],[79.3618,12.4397],[79.3253,12.4508],[79.309,12.4387],[79.2695,12.4477],[79.2314,12.4428],[79.2272,12.4019],[79.2427,12.3972],[79.2485,12.383],[79.2371,12.3685],[79.2274,12.3727],[79.2247,12.3677],[79.2392,12.3465],[79.227,12.3425],[79.2214,12.3497],[79.1982,12.343],[79.2346,12.3299],[79.2341,12.3157],[79.2465,12.3164],[79.2519,12.3232],[79.2893,12.3179],[79.2852,12.3064],[79.2738,12.3055],[79.2801,12.2918],[79.2678,12.2887],[79.261,12.2768],[79.245,12.274],[79.2403,12.2539],[79.2484,12.241],[79.2251,12.222],[79.2367,12.2179],[79.2359,12.2122],[79.2157,12.2123],[79.2331,12.1978],[79.2346,12.1841],[79.2223,12.1838],[79.2223,12.1939],[79.2151,12.1977],[79.2106,12.1661],[79.238,12.1534],[79.2588,12.1307],[79.2767,12.126],[79.2792,12.1079],[79.2572,12.0799],[79.2379,12.0766],[79.2336,12.0592],[79.2007,12.0699],[79.1901,12.0482],[79.1762,12.0474],[79.1684,11.9922],[79.1864,11.9858],[79.1847,11.9728],[79.209,11.9746],[79.2372,11.9521],[79.2926,11.9441],[79.3055,11.9339],[79.3081,11.9204],[79.3488,11.926],[79.3788,11.918],[79.4146,11.8989],[79.441,11.8728],[79.5292,11.8571],[79.565,11.8399],[79.5908,11.8415],[79.6168,11.8247],[79.6411,11.7985],[79.665,11.8105],[79.6748,11.8068],[79.6759,11.8143],[79.6857,11.8125],[79.6908,11.8221],[79.6856,11.8325],[79.7031,11.8319],[79.6947,11.8444],[79.6898,11.8808],[79.674,11.8807],[79.6738,11.8916],[79.6868,11.8889],[79.6872,11.8945],[79.6954,11.8948],[79.6962,11.9192],[79.7187,11.919],[79.718,11.9134],[79.7066,11.9136],[79.7053,11.8939],[79.7112,11.8907],[79.7289,11.8902],[79.7313,11.9032],[79.7407,11.9054],[79.7175,11.929],[79.7209,11.9449],[79.7097,11.95],[79.7112,11.9331],[79.6973,11.9418],[79.6917,11.9513],[79.6957,11.9639],[79.715,11.9676],[79.7093,11.9758],[79.7124,11.9866],[79.7334,11.9933],[79.7465,12.0077],[79.7624,12.0027],[79.7604,11.9892],[79.7419,11.9777],[79.7265,11.9858],[79.7235,11.977],[79.7245,11.9712],[79.7445,11.965],[79.7503,11.9199],[79.7622,11.9285],[79.7599,11.9436],[79.7715,11.9439],[79.7847,11.9599],[79.8051,11.9533],[79.8126,11.9779],[79.8185,11.9779],[79.8289,11.9583],[79.8406,11.9558],[79.8568,12.0061],[79.8409,12.0128],[79.8498,12.0513],[79.8736,12.042],[80.0086,12.2548],[79.9925,12.2537],[79.9731,12.2334],[79.9697,12.2368],[79.9553,12.2288],[79.9442,12.2423],[79.9214,12.2501],[79.9245,12.2316],[79.9143,12.2355],[79.9009,12.2294],[79.8676,12.2489],[79.8624,12.2619],[79.8412,12.2798],[79.8274,12.3129],[79.8199,12.3118],[79.7992,12.3374],[79.7788,12.339],[79.7503,12.3248],[79.7062,12.3346],[79.6797,12.3158],[79.6606,12.3231],[79.6408,12.3443],[79.6404,12.3447]],[[79.6911,12.0324],[79.7036,12.0314],[79.703,12.0082],[79.7196,11.9922],[79.6855,11.9916],[79.6809,11.9834],[79.6739,11.9951],[79.657,11.9914],[79.6598,12.0106],[79.6713,12.0101],[79.6908,12.0315],[79.6911,12.0324]],[[79.7935,12.017],[79.7888,12.0264],[79.8043,12.0259],[79.7946,12.0168],[79.7935,12.017]],[[79.6386,11.9868],[79.6364,11.9778],[79.6485,11.9676],[79.6426,11.9421],[79.6575,11.9481],[79.6607,11.9372],[79.6693,11.9375],[79.6689,11.9183],[79.6253,11.903],[79.6284,11.9195],[79.6179,11.936],[79.6288,11.9596],[79.6186,11.97],[79.6244,11.9818],[79.6172,11.9896],[79.6263,12.0004],[79.6195,12.0062],[79.629,12.0188],[79.6255,12.0322],[79.651,12.0218],[79.6392,11.9882],[79.6386,11.9868]],[[79.6784,11.9718],[79.6879,11.9696],[79.6766,11.9485],[79.6528,11.9579],[79.6622,11.9692],[79.6778,11.9689],[79.6784,11.9718]],[[79.6171,11.8834],[79.6212,11.8906],[79.6299,11.8813],[79.6412,11.8866],[79.6486,11.8705],[79.6627,11.8673],[79.6579,11.8527],[79.6263,11.8547],[79.6285,11.8698],[79.602,11.8579],[79.5994,11.883],[79.6082,11.8769],[79.6165,11.8828],[79.6171,11.8834]],[[79.6473,11.8442],[79.6618,11.8394],[79.6713,11.8149],[79.6463,11.8162],[79.6472,11.8423],[79.6473,11.8442]]]}},{"type":"Feature","properties":{"district":"Virudhunagar"},"geometry":{"type":"Polygon","coordinates":[[[78.137,9.7617],[78.1253,9.7656],[78.107,9.7861],[78.0881,9.7794],[78.1043,9.7682],[78.1011,9.7551],[78.0843,9.7582],[78.0782,9.749],[78.0671,9.7529],[78.0614,9.7415],[78.0713,9.7356],[78.068,9.7234],[78.0799,9.7083],[78.0763,9.6968],[78.0878,9.6834],[78.0852,9.6755],[78.08,9.6765],[78.0818,9.6632],[78.0593,9.6618],[78.0615,9.6706],[78.0406,9.6785],[78.0146,9.6395],[78.0007,9.6503],[77.9963,9.6401],[77.9753,9.6296],[77.964,9.6332],[77.9646,9.6442],[77.9526,9.6496],[77.9232,9.6476],[77.9216,9.6379],[77.9106,9.6382],[77.9007,9.6265],[77.8914,9.6423],[77.8489,9.6504],[77.8419,9.6353],[77.8086,9.6399],[77.7947,9.6487],[77.791,9.6391],[77.7763,9.6404],[77.7668,9.6516],[77.7639,9.6606],[77.7695,9.6642],[77.76,9.6827],[77.7258,9.6927],[77.7099,9.7054],[77.7077,9.691],[77.6937,9.6974],[77.6812,9.6767],[77.6777,9.6828],[77.6684,9.6772],[77.6509,9.6831],[77.644,9.7064],[77.6082,9.6966],[77.586,9.6669],[77.5761,9.6689],[77.5519,9.6444],[77.5433,9.6452],[77.5439,9.6617],[77.5282,9.6505],[77.5141,9.6108],[77.4998,9.5963],[77.4983,9.5754],[77.4754,9.5631],[77.475,9.55],[77.4559,9.5416],[77.4279,9.5465],[77.4035,9.5264],[77.4004,9.5179],[77.4124,9.509],[77.3993,9.4966],[77.4017,9.4769],[77.3915,9.4687],[77.3926,9.4594],[77.3772,9.4528],[77.362,9.4572],[77.3394,9.4201],[77.3891,9.3922],[77.4197,9.3993],[77.434,9.3909],[77.4505,9.3699],[77.4385,9.3681],[77.4414,9.3543],[77.468,9.3467],[77.4591,9.3363],[77.4648,9.3291],[77.4715,9.3284],[77.4747,9.3407],[77.5066,9.3319],[77.5221,9.335],[77.5276,9.3489],[77.5191,9.3567],[77.5293,9.3603],[77.5309,9.3759],[77.5547,9.3703],[77.5498,9.3632],[77.5604,9.3535],[77.5749,9.3541],[77.573,9.343],[77.5866,9.348],[77.5915,9.3439],[77.591,9.3154],[77.5856,9.3086],[77.6042,9.307],[77.6034,9.3012],[77.6414,9.2926],[77.6557,9.2834],[77.7121,9.2914],[77.7219,9.2801],[77.7392,9.2805],[77.7416,9.2644],[77.7585,9.2666],[77.7703,9.2359],[77.78,9.2377],[77.7831,9.2493],[77.7897,9.2515],[77.7879,9.2627],[77.7742,9.2693],[77.7735,9.2764],[77.7967,9.273],[77.7964,9.2562],[77.8067,9.2523],[77.8075,9.2452],[77.8802,9.2452],[77.8811,9.234],[77.8864,9.2326],[77.8749,9.2264],[77.8782,9.2079],[77.9092,9.2001],[77.9196,9.2024],[77.9321,9.2229],[77.9448,9.22],[77.9478,9.2306],[77.9557,9.2301],[77.9568,9.2486],[77.9839,9.2515],[77.9877,9.2682],[78.0084,9.2738],[78.0106,9.3083],[78.0498,9.3066],[78.034,9.3337],[78.05,9.3451],[78.057,9.3625],[78.0803,9.3578],[78.1489,9.372],[78.1684,9.3689],[78.1713,9.3423],[78.2088,9.3272],[78.2116,9.3053],[78.2179,9.2999],[78.2624,9.295],[78.2805,9.2899],[78.281,9.2842],[78.312,9.2831],[78.3286,9.2753],[78.3609,9.3251],[78.3627,9.3492],[78.3561,9.3579],[78.353,9.3527],[78.3331,9.3541],[78.3244,9.3324],[78.3114,9.335],[78.3048,9.3235],[78.2978,9.326],[78.2954,9.3426],[78.3105,9.3452],[78.3058,9.3503],[78.3083,9.365],[78.3012,9.3672],[78.3082,9.3748],[78.3042,9.3843],[78.2967,9.3866],[78.295,9.3817],[78.2915,9.391],[78.2632,9.3866],[78.2552,9.3736],[78.243,9.3811],[78.2432,9.4067],[78.2225,9.4101],[78.221,9.4299],[78.215,9.4335],[78.2186,9.4474],[78.2719,9.4485],[78.3012,9.4422],[78.3054,9.4475],[78.2994,9.4615],[78.3087,9.4605],[78.311,9.4679],[78.3304,9.4628],[78.3313,9.469],[78.3394,9.4685],[78.3519,9.461],[78.3469,9.4713],[78.3301,9.4728],[78.3285,9.4952],[78.3395,9.4959],[78.3473,9.5114],[78.3749,9.5074],[78.3823,9.5159],[78.3874,9.5361],[78.3724,9.5432],[78.3753,9.566],[78.3684,9.5705],[78.3939,9.5814],[78.3978,9.5952],[78.4122,9.588],[78.4169,9.5994],[78.4289,9.6056],[78.4273,9.6163],[78.4225,9.6079],[78.409,9.6196],[78.3999,9.612],[78.3897,9.6314],[78.3939,9.6459],[78.3885,9.6536],[78.3762,9.6571],[78.3561,9.6515],[78.3497,9.666],[78.3446,9.657],[78.3393,9.6581],[78.336,9.6684],[78.3428,9.6809],[78.327,9.6935],[78.321,9.7072],[78.3282,9.7256],[78.3248,9.7427],[78.2955,9.6935],[78.3023,9.679],[78.2917,9.6746],[78.2712,9.6918],[78.2779,9.6961],[78.2719,9.7291],[78.2801,9.7299],[78.2769,9.7406],[78.2378,9.7574],[78.2102,9.7825],[78.2043,9.7636],[78.1965,9.7676],[78.183,9.7568],[78.1733,9.7602],[78.1722,9.7481],[78.1636,9.7498],[78.163,9.7575],[78.1433,9.7429],[78.1339,9.7481],[78.1364,9.7573],[78.137,9.7617]]]}}]}